[
    {
        "timestamp": 0.952,
        "bar": "001",
        "bar_position": 0.0,
        "note_position": "9",
        "width": "4",
        "note_type": "1",
        "detailed_type": "1",
        "detailed_type_description": "s_start"
    },
    {
        "timestamp": 3.81,
        "bar": "004",
        "bar_position": 0.0,
        "note_position": "9",
        "width": "4",
        "note_type": "1",
        "detailed_type": "1",
        "detailed_type_description": "s_end"
    },
    {
        "timestamp": 4.762,
        "bar": "005",
        "bar_position": 0.0,
        "note_position": "3",
        "width": "4",
        "note_type": "1",
        "detailed_type": "1",
        "detailed_type_description": "s_start"
    },
    {
        "timestamp": 7.619,
        "bar": "008",
        "bar_position": 0.0,
        "note_position": "3",
        "width": "4",
        "note_type": "1",
        "detailed_type": "1",
        "detailed_type_description": "s_end"
    },
    {
        "timestamp": 8.571,
        "bar": "009",
        "bar_position": 0.0,
        "note_position": "a",
        "width": "4",
        "note_type": "1",
        "detailed_type": "1",
        "detailed_type_description": "tap"
    },
    {
        "timestamp": 9.524,
        "bar": "010",
        "bar_position": 0.0,
        "note_position": "4",
        "width": "4",
        "note_type": "1",
        "detailed_type": "1",
        "detailed_type_description": "tap"
    },
    {
        "timestamp": 10.476,
        "bar": "011",
        "bar_position": 0.0,
        "note_position": "a",
        "width": "4",
        "note_type": "1",
        "detailed_type": "1",
        "detailed_type_description": "s_start"
    },
    {
        "timestamp": 11.429,
        "bar": "012",
        "bar_position": 0.0,
        "note_position": "a",
        "width": "4",
        "note_type": "1",
        "detailed_type": "1",
        "detailed_type_description": "s_end"
    },
    {
        "timestamp": 12.381,
        "bar": "013",
        "bar_position": 0.0,
        "note_position": "2",
        "width": "4",
        "note_type": "1",
        "detailed_type": "1",
        "detailed_type_description": "tap"
    },
    {
        "timestamp": 13.333,
        "bar": "014",
        "bar_position": 0.0,
        "note_position": "8",
        "width": "4",
        "note_type": "1",
        "detailed_type": "1",
        "detailed_type_description": "tap"
    },
    {
        "timestamp": 14.286,
        "bar": "015",
        "bar_position": 0.0,
        "note_position": "2",
        "width": "4",
        "note_type": "1",
        "detailed_type": "1",
        "detailed_type_description": "s_start"
    },
    {
        "timestamp": 15.238,
        "bar": "016",
        "bar_position": 0.0,
        "note_position": "2",
        "width": "4",
        "note_type": "1",
        "detailed_type": "1",
        "detailed_type_description": "s_end"
    },
    {
        "timestamp": 16.19,
        "bar": "017",
        "bar_position": 0.0,
        "note_position": "8",
        "width": "4",
        "note_type": "1",
        "detailed_type": "1",
        "detailed_type_description": "tap"
    },
    {
        "timestamp": 17.143,
        "bar": "018",
        "bar_position": 0.0,
        "note_position": "4",
        "width": "4",
        "note_type": "1",
        "detailed_type": "1",
        "detailed_type_description": "tap"
    },
    {
        "timestamp": 18.095,
        "bar": "019",
        "bar_position": 0.0,
        "note_position": "8",
        "width": "4",
        "note_type": "1",
        "detailed_type": "1",
        "detailed_type_description": "tap"
    },
    {
        "timestamp": 19.048,
        "bar": "020",
        "bar_position": 0.0,
        "note_position": "4",
        "width": "4",
        "note_type": "1",
        "detailed_type": "1",
        "detailed_type_description": "tap"
    },
    {
        "timestamp": 20.0,
        "bar": "021",
        "bar_position": 0.0,
        "note_position": "a",
        "width": "4",
        "note_type": "1",
        "detailed_type": "1",
        "detailed_type_description": "tap"
    },
    {
        "timestamp": 20.952,
        "bar": "022",
        "bar_position": 0.0,
        "note_position": "2",
        "width": "4",
        "note_type": "1",
        "detailed_type": "1",
        "detailed_type_description": "tap"
    },
    {
        "timestamp": 21.905,
        "bar": "023",
        "bar_position": 0.0,
        "note_position": "8",
        "width": "4",
        "note_type": "1",
        "detailed_type": "1",
        "detailed_type_description": "s_start"
    },
    {
        "timestamp": 22.857,
        "bar": "024",
        "bar_position": 0.0,
        "note_position": "8",
        "width": "4",
        "note_type": "1",
        "detailed_type": "1",
        "detailed_type_description": "s_end"
    },
    {
        "timestamp": 23.81,
        "bar": "025",
        "bar_position": 0.0,
        "note_position": "2",
        "width": "4",
        "note_type": "1",
        "detailed_type": "1",
        "detailed_type_description": "tap"
    },
    {
        "timestamp": 24.762,
        "bar": "026",
        "bar_position": 0.0,
        "note_position": "8",
        "width": "4",
        "note_type": "1",
        "detailed_type": "1",
        "detailed_type_description": "tap"
    },
    {
        "timestamp": 25.714,
        "bar": "027",
        "bar_position": 0.0,
        "note_position": "2",
        "width": "4",
        "note_type": "1",
        "detailed_type": "1",
        "detailed_type_description": "s_start"
    },
    {
        "timestamp": 26.667,
        "bar": "028",
        "bar_position": 0.0,
        "note_position": "2",
        "width": "4",
        "note_type": "1",
        "detailed_type": "1",
        "detailed_type_description": "s_end"
    },
    {
        "timestamp": 27.619,
        "bar": "029",
        "bar_position": 0.0,
        "note_position": "a",
        "width": "4",
        "note_type": "1",
        "detailed_type": "1",
        "detailed_type_description": "tap"
    },
    {
        "timestamp": 28.571,
        "bar": "030",
        "bar_position": 0.0,
        "note_position": "4",
        "width": "4",
        "note_type": "1",
        "detailed_type": "1",
        "detailed_type_description": "tap"
    },
    {
        "timestamp": 29.524,
        "bar": "031",
        "bar_position": 0.0,
        "note_position": "a",
        "width": "4",
        "note_type": "1",
        "detailed_type": "1",
        "detailed_type_description": "s_start"
    },
    {
        "timestamp": 30.476,
        "bar": "032",
        "bar_position": 0.0,
        "note_position": "a",
        "width": "4",
        "note_type": "1",
        "detailed_type": "1",
        "detailed_type_description": "s_end"
    },
    {
        "timestamp": 31.429,
        "bar": "033",
        "bar_position": 0.0,
        "note_position": "4",
        "width": "4",
        "note_type": "1",
        "detailed_type": "1",
        "detailed_type_description": "tap"
    },
    {
        "timestamp": 32.381,
        "bar": "034",
        "bar_position": 0.0,
        "note_position": "8",
        "width": "4",
        "note_type": "1",
        "detailed_type": "1",
        "detailed_type_description": "tap"
    },
    {
        "timestamp": 33.333,
        "bar": "035",
        "bar_position": 0.0,
        "note_position": "4",
        "width": "4",
        "note_type": "1",
        "detailed_type": "1",
        "detailed_type_description": "tap"
    },
    {
        "timestamp": 34.286,
        "bar": "036",
        "bar_position": 0.0,
        "note_position": "8",
        "width": "4",
        "note_type": "1",
        "detailed_type": "1",
        "detailed_type_description": "tap"
    },
    {
        "timestamp": 35.238,
        "bar": "037",
        "bar_position": 0.0,
        "note_position": "2",
        "width": "4",
        "note_type": "1",
        "detailed_type": "1",
        "detailed_type_description": "tap"
    },
    {
        "timestamp": 36.19,
        "bar": "038",
        "bar_position": 0.0,
        "note_position": "a",
        "width": "4",
        "note_type": "1",
        "detailed_type": "1",
        "detailed_type_description": "tap"
    },
    {
        "timestamp": 37.143,
        "bar": "039",
        "bar_position": 0.0,
        "note_position": "4",
        "width": "4",
        "note_type": "1",
        "detailed_type": "1",
        "detailed_type_description": "s_start"
    },
    {
        "timestamp": 38.095,
        "bar": "040",
        "bar_position": 0.0,
        "note_position": "4",
        "width": "4",
        "note_type": "1",
        "detailed_type": "1",
        "detailed_type_description": "s_end"
    },
    {
        "timestamp": 39.048,
        "bar": "041",
        "bar_position": 0.0,
        "note_position": "a",
        "width": "4",
        "note_type": "1",
        "detailed_type": "1",
        "detailed_type_description": "tap"
    },
    {
        "timestamp": 40.0,
        "bar": "042",
        "bar_position": 0.0,
        "note_position": "4",
        "width": "4",
        "note_type": "1",
        "detailed_type": "1",
        "detailed_type_description": "tap"
    },
    {
        "timestamp": 40.952,
        "bar": "043",
        "bar_position": 0.0,
        "note_position": "a",
        "width": "4",
        "note_type": "1",
        "detailed_type": "1",
        "detailed_type_description": "tap"
    },
    {
        "timestamp": 41.905,
        "bar": "044",
        "bar_position": 0.0,
        "note_position": "4",
        "width": "4",
        "note_type": "1",
        "detailed_type": "1",
        "detailed_type_description": "tap"
    },
    {
        "timestamp": 42.857,
        "bar": "045",
        "bar_position": 0.0,
        "note_position": "8",
        "width": "4",
        "note_type": "1",
        "detailed_type": "1",
        "detailed_type_description": "tap"
    },
    {
        "timestamp": 43.81,
        "bar": "046",
        "bar_position": 0.0,
        "note_position": "2",
        "width": "4",
        "note_type": "1",
        "detailed_type": "1",
        "detailed_type_description": "tap"
    },
    {
        "timestamp": 44.762,
        "bar": "047",
        "bar_position": 0.0,
        "note_position": "8",
        "width": "4",
        "note_type": "1",
        "detailed_type": "1",
        "detailed_type_description": "s_start"
    },
    {
        "timestamp": 45.714,
        "bar": "048",
        "bar_position": 0.0,
        "note_position": "8",
        "width": "4",
        "note_type": "1",
        "detailed_type": "1",
        "detailed_type_description": "s_end"
    },
    {
        "timestamp": 46.667,
        "bar": "049",
        "bar_position": 0.0,
        "note_position": "2",
        "width": "4",
        "note_type": "1",
        "detailed_type": "1",
        "detailed_type_description": "tap"
    },
    {
        "timestamp": 47.619,
        "bar": "050",
        "bar_position": 0.0,
        "note_position": "8",
        "width": "4",
        "note_type": "1",
        "detailed_type": "1",
        "detailed_type_description": "tap"
    },
    {
        "timestamp": 48.571,
        "bar": "051",
        "bar_position": 0.0,
        "note_position": "2",
        "width": "4",
        "note_type": "1",
        "detailed_type": "1",
        "detailed_type_description": "tap"
    },
    {
        "timestamp": 49.524,
        "bar": "052",
        "bar_position": 0.0,
        "note_position": "8",
        "width": "4",
        "note_type": "1",
        "detailed_type": "1",
        "detailed_type_description": "tap"
    },
    {
        "timestamp": 50.476,
        "bar": "053",
        "bar_position": 0.0,
        "note_position": "4",
        "width": "4",
        "note_type": "1",
        "detailed_type": "1",
        "detailed_type_description": "tap"
    },
    {
        "timestamp": 51.429,
        "bar": "054",
        "bar_position": 0.0,
        "note_position": "a",
        "width": "4",
        "note_type": "1",
        "detailed_type": "1",
        "detailed_type_description": "tap"
    },
    {
        "timestamp": 52.381,
        "bar": "055",
        "bar_position": 0.0,
        "note_position": "4",
        "width": "4",
        "note_type": "1",
        "detailed_type": "1",
        "detailed_type_description": "s_start"
    },
    {
        "timestamp": 53.333,
        "bar": "056",
        "bar_position": 0.0,
        "note_position": "4",
        "width": "4",
        "note_type": "1",
        "detailed_type": "1",
        "detailed_type_description": "s_end"
    },
    {
        "timestamp": 54.286,
        "bar": "057",
        "bar_position": 0.0,
        "note_position": "3",
        "width": "4",
        "note_type": "1",
        "detailed_type": "1",
        "detailed_type_description": "tap"
    },
    {
        "timestamp": 54.286,
        "bar": "057",
        "bar_position": 0.0,
        "note_position": "9",
        "width": "4",
        "note_type": "1",
        "detailed_type": "1",
        "detailed_type_description": "tap"
    },
    {
        "timestamp": 56.19,
        "bar": "059",
        "bar_position": 0.0,
        "note_position": "8",
        "width": "6",
        "note_type": "1",
        "detailed_type": "2",
        "detailed_type_description": "c_tap"
    },
    {
        "timestamp": 56.667,
        "bar": "059",
        "bar_position": 0.5,
        "note_position": "2",
        "width": "6",
        "note_type": "1",
        "detailed_type": "1",
        "detailed_type_description": "tap"
    },
    {
        "timestamp": 57.143,
        "bar": "060",
        "bar_position": 0.0,
        "note_position": "8",
        "width": "6",
        "note_type": "1",
        "detailed_type": "1",
        "detailed_type_description": "tap"
    },
    {
        "timestamp": 58.095,
        "bar": "061",
        "bar_position": 0.0,
        "note_position": "2",
        "width": "6",
        "note_type": "1",
        "detailed_type": "1",
        "detailed_type_description": "tap"
    },
    {
        "timestamp": 58.571,
        "bar": "061",
        "bar_position": 0.5,
        "note_position": "8",
        "width": "6",
        "note_type": "1",
        "detailed_type": "1",
        "detailed_type_description": "tap"
    },
    {
        "timestamp": 59.048,
        "bar": "062",
        "bar_position": 0.0,
        "note_position": "2",
        "width": "6",
        "note_type": "1",
        "detailed_type": "1",
        "detailed_type_description": "tap"
    },
    {
        "timestamp": 59.524,
        "bar": "062",
        "bar_position": 0.5,
        "note_position": "8",
        "width": "6",
        "note_type": "1",
        "detailed_type": "1",
        "detailed_type_description": "tap"
    },
    {
        "timestamp": 60.0,
        "bar": "063",
        "bar_position": 0.0,
        "note_position": "2",
        "width": "6",
        "note_type": "1",
        "detailed_type": "1",
        "detailed_type_description": "s_start"
    },
    {
        "timestamp": 60.952,
        "bar": "064",
        "bar_position": 0.0,
        "note_position": "2",
        "width": "6",
        "note_type": "1",
        "detailed_type": "1",
        "detailed_type_description": "s_end"
    },
    {
        "timestamp": 61.905,
        "bar": "065",
        "bar_position": 0.0,
        "note_position": "8",
        "width": "6",
        "note_type": "1",
        "detailed_type": "1",
        "detailed_type_description": "s_start"
    },
    {
        "timestamp": 62.857,
        "bar": "066",
        "bar_position": 0.0,
        "note_position": "8",
        "width": "6",
        "note_type": "1",
        "detailed_type": "1",
        "detailed_type_description": "s_end"
    },
    {
        "timestamp": 63.81,
        "bar": "067",
        "bar_position": 0.0,
        "note_position": "2",
        "width": "6",
        "note_type": "1",
        "detailed_type": "2",
        "detailed_type_description": "c_tap"
    },
    {
        "timestamp": 64.286,
        "bar": "067",
        "bar_position": 0.5,
        "note_position": "8",
        "width": "6",
        "note_type": "1",
        "detailed_type": "1",
        "detailed_type_description": "tap"
    },
    {
        "timestamp": 64.762,
        "bar": "068",
        "bar_position": 0.0,
        "note_position": "2",
        "width": "6",
        "note_type": "1",
        "detailed_type": "1",
        "detailed_type_description": "tap"
    },
    {
        "timestamp": 65.714,
        "bar": "069",
        "bar_position": 0.0,
        "note_position": "8",
        "width": "6",
        "note_type": "1",
        "detailed_type": "1",
        "detailed_type_description": "tap"
    },
    {
        "timestamp": 66.19,
        "bar": "069",
        "bar_position": 0.5,
        "note_position": "2",
        "width": "6",
        "note_type": "1",
        "detailed_type": "1",
        "detailed_type_description": "tap"
    },
    {
        "timestamp": 66.667,
        "bar": "070",
        "bar_position": 0.0,
        "note_position": "8",
        "width": "6",
        "note_type": "1",
        "detailed_type": "1",
        "detailed_type_description": "tap"
    },
    {
        "timestamp": 67.143,
        "bar": "070",
        "bar_position": 0.5,
        "note_position": "2",
        "width": "6",
        "note_type": "1",
        "detailed_type": "1",
        "detailed_type_description": "tap"
    },
    {
        "timestamp": 67.619,
        "bar": "071",
        "bar_position": 0.0,
        "note_position": "8",
        "width": "6",
        "note_type": "1",
        "detailed_type": "1",
        "detailed_type_description": "s_start"
    },
    {
        "timestamp": 68.571,
        "bar": "072",
        "bar_position": 0.0,
        "note_position": "8",
        "width": "6",
        "note_type": "1",
        "detailed_type": "1",
        "detailed_type_description": "s_end"
    },
    {
        "timestamp": 69.524,
        "bar": "073",
        "bar_position": 0.0,
        "note_position": "2",
        "width": "6",
        "note_type": "1",
        "detailed_type": "1",
        "detailed_type_description": "s_start"
    },
    {
        "timestamp": 70.476,
        "bar": "074",
        "bar_position": 0.0,
        "note_position": "2",
        "width": "6",
        "note_type": "1",
        "detailed_type": "1",
        "detailed_type_description": "s_end"
    },
    {
        "timestamp": 71.429,
        "bar": "075",
        "bar_position": 0.0,
        "note_position": "8",
        "width": "6",
        "note_type": "1",
        "detailed_type": "1",
        "detailed_type_description": "tap"
    },
    {
        "timestamp": 72.381,
        "bar": "076",
        "bar_position": 0.0,
        "note_position": "2",
        "width": "6",
        "note_type": "1",
        "detailed_type": "1",
        "detailed_type_description": "tap"
    },
    {
        "timestamp": 73.333,
        "bar": "077",
        "bar_position": 0.0,
        "note_position": "8",
        "width": "6",
        "note_type": "1",
        "detailed_type": "1",
        "detailed_type_description": "s_start"
    },
    {
        "timestamp": 74.286,
        "bar": "078",
        "bar_position": 0.0,
        "note_position": "8",
        "width": "6",
        "note_type": "1",
        "detailed_type": "1",
        "detailed_type_description": "s_end"
    },
    {
        "timestamp": 74.762,
        "bar": "078",
        "bar_position": 0.5,
        "note_position": "2",
        "width": "6",
        "note_type": "1",
        "detailed_type": "1",
        "detailed_type_description": "tap"
    },
    {
        "timestamp": 75.238,
        "bar": "079",
        "bar_position": 0.0,
        "note_position": "8",
        "width": "4",
        "note_type": "1",
        "detailed_type": "1",
        "detailed_type_description": "s_start"
    },
    {
        "timestamp": 76.19,
        "bar": "080",
        "bar_position": 0.0,
        "note_position": "8",
        "width": "4",
        "note_type": "1",
        "detailed_type": "1",
        "detailed_type_description": "s_end"
    },
    {
        "timestamp": 77.143,
        "bar": "081",
        "bar_position": 0.0,
        "note_position": "2",
        "width": "4",
        "note_type": "1",
        "detailed_type": "1",
        "detailed_type_description": "s_start"
    },
    {
        "timestamp": 78.095,
        "bar": "082",
        "bar_position": 0.0,
        "note_position": "2",
        "width": "4",
        "note_type": "1",
        "detailed_type": "1",
        "detailed_type_description": "s_end"
    },
    {
        "timestamp": 79.048,
        "bar": "083",
        "bar_position": 0.0,
        "note_position": "a",
        "width": "4",
        "note_type": "1",
        "detailed_type": "1",
        "detailed_type_description": "s_start"
    },
    {
        "timestamp": 80.0,
        "bar": "084",
        "bar_position": 0.0,
        "note_position": "a",
        "width": "4",
        "note_type": "1",
        "detailed_type": "1",
        "detailed_type_description": "s_end"
    },
    {
        "timestamp": 80.952,
        "bar": "085",
        "bar_position": 0.0,
        "note_position": "4",
        "width": "4",
        "note_type": "1",
        "detailed_type": "1",
        "detailed_type_description": "s_start"
    },
    {
        "timestamp": 81.905,
        "bar": "086",
        "bar_position": 0.0,
        "note_position": "4",
        "width": "4",
        "note_type": "1",
        "detailed_type": "1",
        "detailed_type_description": "s_end"
    },
    {
        "timestamp": 82.857,
        "bar": "087",
        "bar_position": 0.0,
        "note_position": "a",
        "width": "4",
        "note_type": "1",
        "detailed_type": "1",
        "detailed_type_description": "tap"
    },
    {
        "timestamp": 83.81,
        "bar": "088",
        "bar_position": 0.0,
        "note_position": "a",
        "width": "4",
        "note_type": "1",
        "detailed_type": "1",
        "detailed_type_description": "tap"
    },
    {
        "timestamp": 84.762,
        "bar": "089",
        "bar_position": 0.0,
        "note_position": "2",
        "width": "4",
        "note_type": "1",
        "detailed_type": "1",
        "detailed_type_description": "tap"
    },
    {
        "timestamp": 85.714,
        "bar": "090",
        "bar_position": 0.0,
        "note_position": "2",
        "width": "4",
        "note_type": "1",
        "detailed_type": "1",
        "detailed_type_description": "tap"
    },
    {
        "timestamp": 86.667,
        "bar": "091",
        "bar_position": 0.0,
        "note_position": "8",
        "width": "4",
        "note_type": "1",
        "detailed_type": "1",
        "detailed_type_description": "tap"
    },
    {
        "timestamp": 87.619,
        "bar": "092",
        "bar_position": 0.0,
        "note_position": "4",
        "width": "4",
        "note_type": "1",
        "detailed_type": "1",
        "detailed_type_description": "tap"
    },
    {
        "timestamp": 88.571,
        "bar": "093",
        "bar_position": 0.0,
        "note_position": "8",
        "width": "4",
        "note_type": "1",
        "detailed_type": "1",
        "detailed_type_description": "s_start"
    },
    {
        "timestamp": 90.238,
        "bar": "094",
        "bar_position": 0.75,
        "note_position": "8",
        "width": "4",
        "note_type": "1",
        "detailed_type": "1",
        "detailed_type_description": "s_end"
    },
    {
        "timestamp": 92.381,
        "bar": "097",
        "bar_position": 0.0,
        "note_position": "2",
        "width": "4",
        "note_type": "1",
        "detailed_type": "2",
        "detailed_type_description": "s_start"
    },
    {
        "timestamp": 93.333,
        "bar": "098",
        "bar_position": 0.0,
        "note_position": "2",
        "width": "4",
        "note_type": "1",
        "detailed_type": "1",
        "detailed_type_description": "s_end"
    },
    {
        "timestamp": 94.286,
        "bar": "099",
        "bar_position": 0.0,
        "note_position": "a",
        "width": "4",
        "note_type": "1",
        "detailed_type": "1",
        "detailed_type_description": "tap"
    },
    {
        "timestamp": 95.238,
        "bar": "100",
        "bar_position": 0.0,
        "note_position": "4",
        "width": "4",
        "note_type": "1",
        "detailed_type": "1",
        "detailed_type_description": "tap"
    },
    {
        "timestamp": 96.19,
        "bar": "101",
        "bar_position": 0.0,
        "note_position": "8",
        "width": "4",
        "note_type": "1",
        "detailed_type": "1",
        "detailed_type_description": "tap"
    },
    {
        "timestamp": 97.143,
        "bar": "102",
        "bar_position": 0.0,
        "note_position": "2",
        "width": "4",
        "note_type": "1",
        "detailed_type": "1",
        "detailed_type_description": "tap"
    },
    {
        "timestamp": 98.095,
        "bar": "103",
        "bar_position": 0.0,
        "note_position": "a",
        "width": "4",
        "note_type": "1",
        "detailed_type": "1",
        "detailed_type_description": "tap"
    },
    {
        "timestamp": 99.048,
        "bar": "104",
        "bar_position": 0.0,
        "note_position": "4",
        "width": "4",
        "note_type": "1",
        "detailed_type": "1",
        "detailed_type_description": "tap"
    },
    {
        "timestamp": 100.0,
        "bar": "105",
        "bar_position": 0.0,
        "note_position": "a",
        "width": "4",
        "note_type": "1",
        "detailed_type": "2",
        "detailed_type_description": "s_start"
    },
    {
        "timestamp": 100.952,
        "bar": "106",
        "bar_position": 0.0,
        "note_position": "a",
        "width": "4",
        "note_type": "1",
        "detailed_type": "1",
        "detailed_type_description": "s_end"
    },
    {
        "timestamp": 101.905,
        "bar": "107",
        "bar_position": 0.0,
        "note_position": "2",
        "width": "4",
        "note_type": "1",
        "detailed_type": "1",
        "detailed_type_description": "tap"
    },
    {
        "timestamp": 102.857,
        "bar": "108",
        "bar_position": 0.0,
        "note_position": "8",
        "width": "4",
        "note_type": "1",
        "detailed_type": "1",
        "detailed_type_description": "tap"
    },
    {
        "timestamp": 103.81,
        "bar": "109",
        "bar_position": 0.0,
        "note_position": "4",
        "width": "4",
        "note_type": "1",
        "detailed_type": "1",
        "detailed_type_description": "tap"
    },
    {
        "timestamp": 104.762,
        "bar": "110",
        "bar_position": 0.0,
        "note_position": "a",
        "width": "4",
        "note_type": "1",
        "detailed_type": "1",
        "detailed_type_description": "tap"
    },
    {
        "timestamp": 105.714,
        "bar": "111",
        "bar_position": 0.0,
        "note_position": "2",
        "width": "4",
        "note_type": "1",
        "detailed_type": "1",
        "detailed_type_description": "s_start"
    },
    {
        "timestamp": 106.667,
        "bar": "112",
        "bar_position": 0.0,
        "note_position": "2",
        "width": "4",
        "note_type": "1",
        "detailed_type": "1",
        "detailed_type_description": "s_end"
    },
    {
        "timestamp": 107.619,
        "bar": "113",
        "bar_position": 0.0,
        "note_position": "8",
        "width": "6",
        "note_type": "1",
        "detailed_type": "2",
        "detailed_type_description": "c_tap"
    },
    {
        "timestamp": 108.095,
        "bar": "113",
        "bar_position": 0.5,
        "note_position": "8",
        "width": "6",
        "note_type": "1",
        "detailed_type": "1",
        "detailed_type_description": "tap"
    },
    {
        "timestamp": 108.571,
        "bar": "114",
        "bar_position": 0.0,
        "note_position": "8",
        "width": "6",
        "note_type": "1",
        "detailed_type": "1",
        "detailed_type_description": "tap"
    },
    {
        "timestamp": 109.524,
        "bar": "115",
        "bar_position": 0.0,
        "note_position": "2",
        "width": "6",
        "note_type": "1",
        "detailed_type": "1",
        "detailed_type_description": "tap"
    },
    {
        "timestamp": 110.0,
        "bar": "115",
        "bar_position": 0.5,
        "note_position": "8",
        "width": "6",
        "note_type": "1",
        "detailed_type": "1",
        "detailed_type_description": "tap"
    },
    {
        "timestamp": 110.476,
        "bar": "116",
        "bar_position": 0.0,
        "note_position": "2",
        "width": "6",
        "note_type": "1",
        "detailed_type": "1",
        "detailed_type_description": "tap"
    },
    {
        "timestamp": 110.952,
        "bar": "116",
        "bar_position": 0.5,
        "note_position": "8",
        "width": "6",
        "note_type": "1",
        "detailed_type": "1",
        "detailed_type_description": "tap"
    },
    {
        "timestamp": 111.429,
        "bar": "117",
        "bar_position": 0.0,
        "note_position": "2",
        "width": "6",
        "note_type": "1",
        "detailed_type": "1",
        "detailed_type_description": "s_start"
    },
    {
        "timestamp": 112.381,
        "bar": "118",
        "bar_position": 0.0,
        "note_position": "2",
        "width": "6",
        "note_type": "1",
        "detailed_type": "1",
        "detailed_type_description": "s_end"
    },
    {
        "timestamp": 113.333,
        "bar": "119",
        "bar_position": 0.0,
        "note_position": "8",
        "width": "6",
        "note_type": "1",
        "detailed_type": "1",
        "detailed_type_description": "s_start"
    },
    {
        "timestamp": 114.286,
        "bar": "120",
        "bar_position": 0.0,
        "note_position": "8",
        "width": "6",
        "note_type": "1",
        "detailed_type": "1",
        "detailed_type_description": "s_end"
    },
    {
        "timestamp": 115.238,
        "bar": "121",
        "bar_position": 0.0,
        "note_position": "2",
        "width": "6",
        "note_type": "1",
        "detailed_type": "2",
        "detailed_type_description": "c_tap"
    },
    {
        "timestamp": 115.714,
        "bar": "121",
        "bar_position": 0.5,
        "note_position": "2",
        "width": "6",
        "note_type": "1",
        "detailed_type": "1",
        "detailed_type_description": "tap"
    },
    {
        "timestamp": 116.19,
        "bar": "122",
        "bar_position": 0.0,
        "note_position": "2",
        "width": "6",
        "note_type": "1",
        "detailed_type": "1",
        "detailed_type_description": "tap"
    },
    {
        "timestamp": 117.143,
        "bar": "123",
        "bar_position": 0.0,
        "note_position": "8",
        "width": "6",
        "note_type": "1",
        "detailed_type": "2",
        "detailed_type_description": "c_tap"
    },
    {
        "timestamp": 117.619,
        "bar": "123",
        "bar_position": 0.5,
        "note_position": "2",
        "width": "6",
        "note_type": "1",
        "detailed_type": "2",
        "detailed_type_description": "c_tap"
    },
    {
        "timestamp": 118.095,
        "bar": "124",
        "bar_position": 0.0,
        "note_position": "8",
        "width": "6",
        "note_type": "1",
        "detailed_type": "2",
        "detailed_type_description": "c_tap"
    },
    {
        "timestamp": 118.571,
        "bar": "124",
        "bar_position": 0.5,
        "note_position": "2",
        "width": "6",
        "note_type": "1",
        "detailed_type": "2",
        "detailed_type_description": "c_tap"
    },
    {
        "timestamp": 119.048,
        "bar": "125",
        "bar_position": 0.0,
        "note_position": "8",
        "width": "6",
        "note_type": "1",
        "detailed_type": "1",
        "detailed_type_description": "s_start"
    },
    {
        "timestamp": 120.0,
        "bar": "126",
        "bar_position": 0.0,
        "note_position": "8",
        "width": "6",
        "note_type": "1",
        "detailed_type": "1",
        "detailed_type_description": "s_end"
    },
    {
        "timestamp": 120.952,
        "bar": "127",
        "bar_position": 0.0,
        "note_position": "2",
        "width": "6",
        "note_type": "1",
        "detailed_type": "1",
        "detailed_type_description": "s_start"
    },
    {
        "timestamp": 121.905,
        "bar": "128",
        "bar_position": 0.0,
        "note_position": "2",
        "width": "6",
        "note_type": "1",
        "detailed_type": "1",
        "detailed_type_description": "s_end"
    },
    {
        "timestamp": 122.857,
        "bar": "129",
        "bar_position": 0.0,
        "note_position": "8",
        "width": "6",
        "note_type": "1",
        "detailed_type": "1",
        "detailed_type_description": "tap"
    },
    {
        "timestamp": 123.333,
        "bar": "129",
        "bar_position": 0.5,
        "note_position": "2",
        "width": "6",
        "note_type": "1",
        "detailed_type": "1",
        "detailed_type_description": "tap"
    },
    {
        "timestamp": 123.81,
        "bar": "130",
        "bar_position": 0.0,
        "note_position": "8",
        "width": "6",
        "note_type": "1",
        "detailed_type": "1",
        "detailed_type_description": "tap"
    },
    {
        "timestamp": 124.286,
        "bar": "130",
        "bar_position": 0.5,
        "note_position": "2",
        "width": "6",
        "note_type": "1",
        "detailed_type": "1",
        "detailed_type_description": "tap"
    },
    {
        "timestamp": 124.762,
        "bar": "131",
        "bar_position": 0.0,
        "note_position": "8",
        "width": "6",
        "note_type": "1",
        "detailed_type": "1",
        "detailed_type_description": "s_start"
    },
    {
        "timestamp": 125.714,
        "bar": "132",
        "bar_position": 0.0,
        "note_position": "8",
        "width": "6",
        "note_type": "1",
        "detailed_type": "1",
        "detailed_type_description": "s_end"
    },
    {
        "timestamp": 126.667,
        "bar": "133",
        "bar_position": 0.0,
        "note_position": "2",
        "width": "6",
        "note_type": "1",
        "detailed_type": "1",
        "detailed_type_description": "tap"
    },
    {
        "timestamp": 127.143,
        "bar": "133",
        "bar_position": 0.5,
        "note_position": "8",
        "width": "6",
        "note_type": "1",
        "detailed_type": "1",
        "detailed_type_description": "tap"
    },
    {
        "timestamp": 127.619,
        "bar": "134",
        "bar_position": 0.0,
        "note_position": "2",
        "width": "6",
        "note_type": "1",
        "detailed_type": "1",
        "detailed_type_description": "tap"
    },
    {
        "timestamp": 128.095,
        "bar": "134",
        "bar_position": 0.5,
        "note_position": "8",
        "width": "6",
        "note_type": "1",
        "detailed_type": "1",
        "detailed_type_description": "tap"
    },
    {
        "timestamp": 128.571,
        "bar": "135",
        "bar_position": 0.0,
        "note_position": "2",
        "width": "6",
        "note_type": "1",
        "detailed_type": "1",
        "detailed_type_description": "s_start"
    },
    {
        "timestamp": 129.524,
        "bar": "136",
        "bar_position": 0.0,
        "note_position": "2",
        "width": "6",
        "note_type": "1",
        "detailed_type": "1",
        "detailed_type_description": "s_end"
    },
    {
        "timestamp": 130.476,
        "bar": "137",
        "bar_position": 0.0,
        "note_position": "8",
        "width": "6",
        "note_type": "1",
        "detailed_type": "1",
        "detailed_type_description": "tap"
    },
    {
        "timestamp": 130.952,
        "bar": "137",
        "bar_position": 0.5,
        "note_position": "2",
        "width": "6",
        "note_type": "1",
        "detailed_type": "1",
        "detailed_type_description": "tap"
    },
    {
        "timestamp": 131.429,
        "bar": "138",
        "bar_position": 0.0,
        "note_position": "8",
        "width": "6",
        "note_type": "1",
        "detailed_type": "1",
        "detailed_type_description": "tap"
    },
    {
        "timestamp": 131.905,
        "bar": "138",
        "bar_position": 0.5,
        "note_position": "2",
        "width": "6",
        "note_type": "1",
        "detailed_type": "1",
        "detailed_type_description": "tap"
    },
    {
        "timestamp": 132.381,
        "bar": "139",
        "bar_position": 0.0,
        "note_position": "8",
        "width": "6",
        "note_type": "1",
        "detailed_type": "2",
        "detailed_type_description": "c_tap"
    },
    {
        "timestamp": 132.857,
        "bar": "139",
        "bar_position": 0.5,
        "note_position": "2",
        "width": "6",
        "note_type": "1",
        "detailed_type": "2",
        "detailed_type_description": "c_tap"
    },
    {
        "timestamp": 133.333,
        "bar": "140",
        "bar_position": 0.0,
        "note_position": "8",
        "width": "6",
        "note_type": "1",
        "detailed_type": "2",
        "detailed_type_description": "c_tap"
    },
    {
        "timestamp": 133.81,
        "bar": "140",
        "bar_position": 0.5,
        "note_position": "2",
        "width": "6",
        "note_type": "1",
        "detailed_type": "2",
        "detailed_type_description": "c_tap"
    },
    {
        "timestamp": 134.286,
        "bar": "141",
        "bar_position": 0.0,
        "note_position": "8",
        "width": "6",
        "note_type": "1",
        "detailed_type": "2",
        "detailed_type_description": "s_start"
    },
    {
        "timestamp": 135.714,
        "bar": "142",
        "bar_position": 0.5,
        "note_position": "8",
        "width": "6",
        "note_type": "1",
        "detailed_type": "1",
        "detailed_type_description": "s_end"
    }
]