[
    {
        "id": 0,
        "timestamp": 0.0,
        "hit_pos": 9,
        "hold_pos": 4,
        "note_width": [
            7,
            8,
            9,
            10
        ],
        "description": "s_start",
        "command": "tap",
        "hitline": 0,
        "execution": "t"
    },
    {
        "id": 1,
        "timestamp": 2.858,
        "hit_pos": 9,
        "hold_pos": 4,
        "note_width": [
            7,
            8,
            9,
            10
        ],
        "description": "s_end",
        "command": "virtual_release",
        "hitline": 1,
        "execution": "r"
    },
    {
        "id": 1.5,
        "timestamp": 2.898,
        "hit_pos": -1,
        "hold_pos": 4,
        "note_width": [],
        "description": "",
        "command": "virtual_resume",
        "hitline": 2,
        "execution": "h"
    },
    {
        "id": 2,
        "timestamp": 3.8099999999999996,
        "hit_pos": 3,
        "hold_pos": 1,
        "note_width": [
            1,
            2,
            3,
            4
        ],
        "description": "s_start",
        "command": "tap",
        "hitline": 0,
        "execution": "t"
    },
    {
        "id": 3,
        "timestamp": 6.667,
        "hit_pos": 3,
        "hold_pos": 1,
        "note_width": [
            1,
            2,
            3,
            4
        ],
        "description": "s_end",
        "command": "virtual_release",
        "hitline": 1,
        "execution": "r"
    },
    {
        "id": 3.5,
        "timestamp": 6.707,
        "hit_pos": -1,
        "hold_pos": 1,
        "note_width": [],
        "description": "",
        "command": "virtual_resume",
        "hitline": 2,
        "execution": "h"
    },
    {
        "id": 4,
        "timestamp": 7.619,
        "hit_pos": 10,
        "hold_pos": 4,
        "note_width": [
            8,
            9,
            10,
            11
        ],
        "description": "tap",
        "command": "tap",
        "hitline": 0,
        "execution": "t"
    },
    {
        "id": 5,
        "timestamp": 8.572,
        "hit_pos": 4,
        "hold_pos": 1,
        "note_width": [
            2,
            3,
            4,
            5
        ],
        "description": "tap",
        "command": "tap",
        "hitline": 0,
        "execution": "t"
    },
    {
        "id": 6,
        "timestamp": 9.524000000000001,
        "hit_pos": 10,
        "hold_pos": 4,
        "note_width": [
            8,
            9,
            10,
            11
        ],
        "description": "s_start",
        "command": "tap",
        "hitline": 0,
        "execution": "t"
    },
    {
        "id": 7,
        "timestamp": 10.477,
        "hit_pos": 10,
        "hold_pos": 4,
        "note_width": [
            8,
            9,
            10,
            11
        ],
        "description": "s_end",
        "command": "virtual_release",
        "hitline": 2,
        "execution": "r"
    },
    {
        "id": 7.5,
        "timestamp": 10.517,
        "hit_pos": -1,
        "hold_pos": 4,
        "note_width": [],
        "description": "",
        "command": "virtual_resume",
        "hitline": 1,
        "execution": "h"
    },
    {
        "id": 8,
        "timestamp": 11.429,
        "hit_pos": 2,
        "hold_pos": 0,
        "note_width": [
            0,
            1,
            2,
            3
        ],
        "description": "tap",
        "command": "tap",
        "hitline": 0,
        "execution": "t"
    },
    {
        "id": 9,
        "timestamp": 12.381,
        "hit_pos": 8,
        "hold_pos": 3,
        "note_width": [
            6,
            7,
            8,
            9
        ],
        "description": "tap",
        "command": "tap",
        "hitline": 0,
        "execution": "t"
    },
    {
        "id": 10,
        "timestamp": 13.334,
        "hit_pos": 2,
        "hold_pos": 0,
        "note_width": [
            0,
            1,
            2,
            3
        ],
        "description": "s_start",
        "command": "tap",
        "hitline": 0,
        "execution": "t"
    },
    {
        "id": 11,
        "timestamp": 14.286,
        "hit_pos": 2,
        "hold_pos": 0,
        "note_width": [
            0,
            1,
            2,
            3
        ],
        "description": "s_end",
        "command": "virtual_release",
        "hitline": 1,
        "execution": "r"
    },
    {
        "id": 11.5,
        "timestamp": 14.325999999999999,
        "hit_pos": -1,
        "hold_pos": 0,
        "note_width": [],
        "description": "",
        "command": "virtual_resume",
        "hitline": 2,
        "execution": "h"
    },
    {
        "id": 12,
        "timestamp": 15.238000000000001,
        "hit_pos": 8,
        "hold_pos": 3,
        "note_width": [
            6,
            7,
            8,
            9
        ],
        "description": "tap",
        "command": "tap",
        "hitline": 0,
        "execution": "t"
    },
    {
        "id": 13,
        "timestamp": 16.191000000000003,
        "hit_pos": 4,
        "hold_pos": 1,
        "note_width": [
            2,
            3,
            4,
            5
        ],
        "description": "tap",
        "command": "tap",
        "hitline": 0,
        "execution": "t"
    },
    {
        "id": 14,
        "timestamp": 17.143,
        "hit_pos": 8,
        "hold_pos": 3,
        "note_width": [
            6,
            7,
            8,
            9
        ],
        "description": "tap",
        "command": "tap",
        "hitline": 0,
        "execution": "t"
    },
    {
        "id": 15,
        "timestamp": 18.095999999999997,
        "hit_pos": 4,
        "hold_pos": 1,
        "note_width": [
            2,
            3,
            4,
            5
        ],
        "description": "tap",
        "command": "tap",
        "hitline": 0,
        "execution": "t"
    },
    {
        "id": 16,
        "timestamp": 19.048000000000002,
        "hit_pos": 10,
        "hold_pos": 4,
        "note_width": [
            8,
            9,
            10,
            11
        ],
        "description": "tap",
        "command": "tap",
        "hitline": 0,
        "execution": "t"
    },
    {
        "id": 17,
        "timestamp": 20.0,
        "hit_pos": 2,
        "hold_pos": 0,
        "note_width": [
            0,
            1,
            2,
            3
        ],
        "description": "tap",
        "command": "tap",
        "hitline": 0,
        "execution": "t"
    },
    {
        "id": 18,
        "timestamp": 20.953000000000003,
        "hit_pos": 8,
        "hold_pos": 3,
        "note_width": [
            6,
            7,
            8,
            9
        ],
        "description": "s_start",
        "command": "tap",
        "hitline": 0,
        "execution": "t"
    },
    {
        "id": 19,
        "timestamp": 21.905,
        "hit_pos": 8,
        "hold_pos": 3,
        "note_width": [
            6,
            7,
            8,
            9
        ],
        "description": "s_end",
        "command": "virtual_release",
        "hitline": 1,
        "execution": "r"
    },
    {
        "id": 19.5,
        "timestamp": 21.945,
        "hit_pos": -1,
        "hold_pos": 3,
        "note_width": [],
        "description": "",
        "command": "virtual_resume",
        "hitline": 2,
        "execution": "h"
    },
    {
        "id": 20,
        "timestamp": 22.857999999999997,
        "hit_pos": 2,
        "hold_pos": 0,
        "note_width": [
            0,
            1,
            2,
            3
        ],
        "description": "tap",
        "command": "tap",
        "hitline": 0,
        "execution": "t"
    },
    {
        "id": 21,
        "timestamp": 23.810000000000002,
        "hit_pos": 8,
        "hold_pos": 3,
        "note_width": [
            6,
            7,
            8,
            9
        ],
        "description": "tap",
        "command": "tap",
        "hitline": 0,
        "execution": "t"
    },
    {
        "id": 22,
        "timestamp": 24.762,
        "hit_pos": 2,
        "hold_pos": 0,
        "note_width": [
            0,
            1,
            2,
            3
        ],
        "description": "s_start",
        "command": "tap",
        "hitline": 0,
        "execution": "t"
    },
    {
        "id": 23,
        "timestamp": 25.715000000000003,
        "hit_pos": 2,
        "hold_pos": 0,
        "note_width": [
            0,
            1,
            2,
            3
        ],
        "description": "s_end",
        "command": "virtual_release",
        "hitline": 2,
        "execution": "r"
    },
    {
        "id": 23.5,
        "timestamp": 25.755000000000003,
        "hit_pos": -1,
        "hold_pos": 0,
        "note_width": [],
        "description": "",
        "command": "virtual_resume",
        "hitline": 1,
        "execution": "h"
    },
    {
        "id": 24,
        "timestamp": 26.667,
        "hit_pos": 10,
        "hold_pos": 4,
        "note_width": [
            8,
            9,
            10,
            11
        ],
        "description": "tap",
        "command": "tap",
        "hitline": 0,
        "execution": "t"
    },
    {
        "id": 25,
        "timestamp": 27.619,
        "hit_pos": 4,
        "hold_pos": 1,
        "note_width": [
            2,
            3,
            4,
            5
        ],
        "description": "tap",
        "command": "tap",
        "hitline": 0,
        "execution": "t"
    },
    {
        "id": 26,
        "timestamp": 28.572000000000003,
        "hit_pos": 10,
        "hold_pos": 4,
        "note_width": [
            8,
            9,
            10,
            11
        ],
        "description": "s_start",
        "command": "tap",
        "hitline": 0,
        "execution": "t"
    },
    {
        "id": 27,
        "timestamp": 29.524,
        "hit_pos": 10,
        "hold_pos": 4,
        "note_width": [
            8,
            9,
            10,
            11
        ],
        "description": "s_end",
        "command": "virtual_release",
        "hitline": 1,
        "execution": "r"
    },
    {
        "id": 27.5,
        "timestamp": 29.564,
        "hit_pos": -1,
        "hold_pos": 4,
        "note_width": [],
        "description": "",
        "command": "virtual_resume",
        "hitline": 2,
        "execution": "h"
    },
    {
        "id": 28,
        "timestamp": 30.476999999999997,
        "hit_pos": 4,
        "hold_pos": 1,
        "note_width": [
            2,
            3,
            4,
            5
        ],
        "description": "tap",
        "command": "tap",
        "hitline": 0,
        "execution": "t"
    },
    {
        "id": 29,
        "timestamp": 31.429000000000002,
        "hit_pos": 8,
        "hold_pos": 3,
        "note_width": [
            6,
            7,
            8,
            9
        ],
        "description": "tap",
        "command": "tap",
        "hitline": 0,
        "execution": "t"
    },
    {
        "id": 30,
        "timestamp": 32.381,
        "hit_pos": 4,
        "hold_pos": 1,
        "note_width": [
            2,
            3,
            4,
            5
        ],
        "description": "tap",
        "command": "tap",
        "hitline": 0,
        "execution": "t"
    },
    {
        "id": 31,
        "timestamp": 33.334,
        "hit_pos": 8,
        "hold_pos": 3,
        "note_width": [
            6,
            7,
            8,
            9
        ],
        "description": "tap",
        "command": "tap",
        "hitline": 0,
        "execution": "t"
    },
    {
        "id": 32,
        "timestamp": 34.286,
        "hit_pos": 2,
        "hold_pos": 0,
        "note_width": [
            0,
            1,
            2,
            3
        ],
        "description": "tap",
        "command": "tap",
        "hitline": 0,
        "execution": "t"
    },
    {
        "id": 33,
        "timestamp": 35.238,
        "hit_pos": 10,
        "hold_pos": 4,
        "note_width": [
            8,
            9,
            10,
            11
        ],
        "description": "tap",
        "command": "tap",
        "hitline": 0,
        "execution": "t"
    },
    {
        "id": 34,
        "timestamp": 36.191,
        "hit_pos": 4,
        "hold_pos": 1,
        "note_width": [
            2,
            3,
            4,
            5
        ],
        "description": "s_start",
        "command": "tap",
        "hitline": 0,
        "execution": "t"
    },
    {
        "id": 35,
        "timestamp": 37.143,
        "hit_pos": 4,
        "hold_pos": 1,
        "note_width": [
            2,
            3,
            4,
            5
        ],
        "description": "s_end",
        "command": "virtual_release",
        "hitline": 2,
        "execution": "r"
    },
    {
        "id": 35.5,
        "timestamp": 37.183,
        "hit_pos": -1,
        "hold_pos": 1,
        "note_width": [],
        "description": "",
        "command": "virtual_resume",
        "hitline": 1,
        "execution": "h"
    },
    {
        "id": 36,
        "timestamp": 38.096000000000004,
        "hit_pos": 10,
        "hold_pos": 4,
        "note_width": [
            8,
            9,
            10,
            11
        ],
        "description": "tap",
        "command": "tap",
        "hitline": 0,
        "execution": "t"
    },
    {
        "id": 37,
        "timestamp": 39.048,
        "hit_pos": 4,
        "hold_pos": 1,
        "note_width": [
            2,
            3,
            4,
            5
        ],
        "description": "tap",
        "command": "tap",
        "hitline": 0,
        "execution": "t"
    },
    {
        "id": 38,
        "timestamp": 40.0,
        "hit_pos": 10,
        "hold_pos": 4,
        "note_width": [
            8,
            9,
            10,
            11
        ],
        "description": "tap",
        "command": "tap",
        "hitline": 0,
        "execution": "t"
    },
    {
        "id": 39,
        "timestamp": 40.953,
        "hit_pos": 4,
        "hold_pos": 1,
        "note_width": [
            2,
            3,
            4,
            5
        ],
        "description": "tap",
        "command": "tap",
        "hitline": 0,
        "execution": "t"
    },
    {
        "id": 40,
        "timestamp": 41.905,
        "hit_pos": 8,
        "hold_pos": 3,
        "note_width": [
            6,
            7,
            8,
            9
        ],
        "description": "tap",
        "command": "tap",
        "hitline": 0,
        "execution": "t"
    },
    {
        "id": 41,
        "timestamp": 42.858000000000004,
        "hit_pos": 2,
        "hold_pos": 0,
        "note_width": [
            0,
            1,
            2,
            3
        ],
        "description": "tap",
        "command": "tap",
        "hitline": 0,
        "execution": "t"
    },
    {
        "id": 42,
        "timestamp": 43.81,
        "hit_pos": 8,
        "hold_pos": 3,
        "note_width": [
            6,
            7,
            8,
            9
        ],
        "description": "s_start",
        "command": "tap",
        "hitline": 0,
        "execution": "t"
    },
    {
        "id": 43,
        "timestamp": 44.762,
        "hit_pos": 8,
        "hold_pos": 3,
        "note_width": [
            6,
            7,
            8,
            9
        ],
        "description": "s_end",
        "command": "virtual_release",
        "hitline": 2,
        "execution": "r"
    },
    {
        "id": 43.5,
        "timestamp": 44.802,
        "hit_pos": -1,
        "hold_pos": 3,
        "note_width": [],
        "description": "",
        "command": "virtual_resume",
        "hitline": 1,
        "execution": "h"
    },
    {
        "id": 44,
        "timestamp": 45.715,
        "hit_pos": 2,
        "hold_pos": 0,
        "note_width": [
            0,
            1,
            2,
            3
        ],
        "description": "tap",
        "command": "tap",
        "hitline": 0,
        "execution": "t"
    },
    {
        "id": 45,
        "timestamp": 46.667,
        "hit_pos": 8,
        "hold_pos": 3,
        "note_width": [
            6,
            7,
            8,
            9
        ],
        "description": "tap",
        "command": "tap",
        "hitline": 0,
        "execution": "t"
    },
    {
        "id": 46,
        "timestamp": 47.619,
        "hit_pos": 2,
        "hold_pos": 0,
        "note_width": [
            0,
            1,
            2,
            3
        ],
        "description": "tap",
        "command": "tap",
        "hitline": 0,
        "execution": "t"
    },
    {
        "id": 47,
        "timestamp": 48.572,
        "hit_pos": 8,
        "hold_pos": 3,
        "note_width": [
            6,
            7,
            8,
            9
        ],
        "description": "tap",
        "command": "tap",
        "hitline": 0,
        "execution": "t"
    },
    {
        "id": 48,
        "timestamp": 49.524,
        "hit_pos": 4,
        "hold_pos": 1,
        "note_width": [
            2,
            3,
            4,
            5
        ],
        "description": "tap",
        "command": "tap",
        "hitline": 0,
        "execution": "t"
    },
    {
        "id": 49,
        "timestamp": 50.477000000000004,
        "hit_pos": 10,
        "hold_pos": 4,
        "note_width": [
            8,
            9,
            10,
            11
        ],
        "description": "tap",
        "command": "tap",
        "hitline": 0,
        "execution": "t"
    },
    {
        "id": 50,
        "timestamp": 51.429,
        "hit_pos": 4,
        "hold_pos": 1,
        "note_width": [
            2,
            3,
            4,
            5
        ],
        "description": "s_start",
        "command": "tap",
        "hitline": 0,
        "execution": "t"
    },
    {
        "id": 51,
        "timestamp": 52.381,
        "hit_pos": 4,
        "hold_pos": 1,
        "note_width": [
            2,
            3,
            4,
            5
        ],
        "description": "s_end",
        "command": "virtual_release",
        "hitline": 1,
        "execution": "r"
    },
    {
        "id": 51.5,
        "timestamp": 52.421,
        "hit_pos": -1,
        "hold_pos": 1,
        "note_width": [],
        "description": "",
        "command": "virtual_resume",
        "hitline": 2,
        "execution": "h"
    },
    {
        "id": 52,
        "timestamp": 53.334,
        "hit_pos": 3,
        "hold_pos": 1,
        "note_width": [
            1,
            2,
            3,
            4
        ],
        "description": "tap",
        "command": "tap",
        "hitline": 0,
        "execution": "t"
    },
    {
        "id": 53,
        "timestamp": 53.334,
        "hit_pos": 9,
        "hold_pos": 4,
        "note_width": [
            7,
            8,
            9,
            10
        ],
        "description": "tap",
        "command": "tap",
        "hitline": 0,
        "execution": "t"
    },
    {
        "id": 54,
        "timestamp": 55.238,
        "hit_pos": 9,
        "hold_pos": 3,
        "note_width": [
            6,
            7,
            8,
            9,
            10,
            11
        ],
        "description": "c_tap",
        "command": "tap",
        "hitline": 0,
        "execution": "t"
    },
    {
        "id": 55,
        "timestamp": 55.715,
        "hit_pos": 3,
        "hold_pos": 0,
        "note_width": [
            0,
            1,
            2,
            3,
            4,
            5
        ],
        "description": "tap",
        "command": "tap",
        "hitline": 0,
        "execution": "t"
    },
    {
        "id": 56,
        "timestamp": 56.191,
        "hit_pos": 9,
        "hold_pos": 3,
        "note_width": [
            6,
            7,
            8,
            9,
            10,
            11
        ],
        "description": "tap",
        "command": "tap",
        "hitline": 0,
        "execution": "t"
    },
    {
        "id": 57,
        "timestamp": 57.143,
        "hit_pos": 3,
        "hold_pos": 0,
        "note_width": [
            0,
            1,
            2,
            3,
            4,
            5
        ],
        "description": "tap",
        "command": "tap",
        "hitline": 0,
        "execution": "t"
    },
    {
        "id": 58,
        "timestamp": 57.619,
        "hit_pos": 9,
        "hold_pos": 3,
        "note_width": [
            6,
            7,
            8,
            9,
            10,
            11
        ],
        "description": "tap",
        "command": "tap",
        "hitline": 0,
        "execution": "t"
    },
    {
        "id": 59,
        "timestamp": 58.096000000000004,
        "hit_pos": 3,
        "hold_pos": 0,
        "note_width": [
            0,
            1,
            2,
            3,
            4,
            5
        ],
        "description": "tap",
        "command": "tap",
        "hitline": 0,
        "execution": "t"
    },
    {
        "id": 60,
        "timestamp": 58.572,
        "hit_pos": 9,
        "hold_pos": 3,
        "note_width": [
            6,
            7,
            8,
            9,
            10,
            11
        ],
        "description": "tap",
        "command": "tap",
        "hitline": 0,
        "execution": "t"
    },
    {
        "id": 61,
        "timestamp": 59.048,
        "hit_pos": 3,
        "hold_pos": 0,
        "note_width": [
            0,
            1,
            2,
            3,
            4,
            5
        ],
        "description": "s_start",
        "command": "tap",
        "hitline": 0,
        "execution": "t"
    },
    {
        "id": 62,
        "timestamp": 60.0,
        "hit_pos": 3,
        "hold_pos": 0,
        "note_width": [
            0,
            1,
            2,
            3,
            4,
            5
        ],
        "description": "s_end",
        "command": "virtual_release",
        "hitline": 1,
        "execution": "r"
    },
    {
        "id": 62.5,
        "timestamp": 60.04,
        "hit_pos": -1,
        "hold_pos": 0,
        "note_width": [],
        "description": "",
        "command": "virtual_resume",
        "hitline": 2,
        "execution": "h"
    },
    {
        "id": 63,
        "timestamp": 60.953,
        "hit_pos": 9,
        "hold_pos": 3,
        "note_width": [
            6,
            7,
            8,
            9,
            10,
            11
        ],
        "description": "s_start",
        "command": "tap",
        "hitline": 0,
        "execution": "t"
    },
    {
        "id": 64,
        "timestamp": 61.905,
        "hit_pos": 9,
        "hold_pos": 3,
        "note_width": [
            6,
            7,
            8,
            9,
            10,
            11
        ],
        "description": "s_end",
        "command": "virtual_release",
        "hitline": 1,
        "execution": "r"
    },
    {
        "id": 64.5,
        "timestamp": 61.945,
        "hit_pos": -1,
        "hold_pos": 3,
        "note_width": [],
        "description": "",
        "command": "virtual_resume",
        "hitline": 2,
        "execution": "h"
    },
    {
        "id": 65,
        "timestamp": 62.858000000000004,
        "hit_pos": 3,
        "hold_pos": 0,
        "note_width": [
            0,
            1,
            2,
            3,
            4,
            5
        ],
        "description": "c_tap",
        "command": "tap",
        "hitline": 0,
        "execution": "t"
    },
    {
        "id": 66,
        "timestamp": 63.334,
        "hit_pos": 9,
        "hold_pos": 3,
        "note_width": [
            6,
            7,
            8,
            9,
            10,
            11
        ],
        "description": "tap",
        "command": "tap",
        "hitline": 0,
        "execution": "t"
    },
    {
        "id": 67,
        "timestamp": 63.81,
        "hit_pos": 3,
        "hold_pos": 0,
        "note_width": [
            0,
            1,
            2,
            3,
            4,
            5
        ],
        "description": "tap",
        "command": "tap",
        "hitline": 0,
        "execution": "t"
    },
    {
        "id": 68,
        "timestamp": 64.762,
        "hit_pos": 9,
        "hold_pos": 3,
        "note_width": [
            6,
            7,
            8,
            9,
            10,
            11
        ],
        "description": "tap",
        "command": "tap",
        "hitline": 0,
        "execution": "t"
    },
    {
        "id": 69,
        "timestamp": 65.238,
        "hit_pos": 3,
        "hold_pos": 0,
        "note_width": [
            0,
            1,
            2,
            3,
            4,
            5
        ],
        "description": "tap",
        "command": "tap",
        "hitline": 0,
        "execution": "t"
    },
    {
        "id": 70,
        "timestamp": 65.715,
        "hit_pos": 9,
        "hold_pos": 3,
        "note_width": [
            6,
            7,
            8,
            9,
            10,
            11
        ],
        "description": "tap",
        "command": "tap",
        "hitline": 0,
        "execution": "t"
    },
    {
        "id": 71,
        "timestamp": 66.191,
        "hit_pos": 3,
        "hold_pos": 0,
        "note_width": [
            0,
            1,
            2,
            3,
            4,
            5
        ],
        "description": "tap",
        "command": "tap",
        "hitline": 0,
        "execution": "t"
    },
    {
        "id": 72,
        "timestamp": 66.667,
        "hit_pos": 9,
        "hold_pos": 3,
        "note_width": [
            6,
            7,
            8,
            9,
            10,
            11
        ],
        "description": "s_start",
        "command": "tap",
        "hitline": 0,
        "execution": "t"
    },
    {
        "id": 73,
        "timestamp": 67.619,
        "hit_pos": 9,
        "hold_pos": 3,
        "note_width": [
            6,
            7,
            8,
            9,
            10,
            11
        ],
        "description": "s_end",
        "command": "virtual_release",
        "hitline": 2,
        "execution": "r"
    },
    {
        "id": 73.5,
        "timestamp": 67.659,
        "hit_pos": -1,
        "hold_pos": 3,
        "note_width": [],
        "description": "",
        "command": "virtual_resume",
        "hitline": 1,
        "execution": "h"
    },
    {
        "id": 74,
        "timestamp": 68.572,
        "hit_pos": 3,
        "hold_pos": 0,
        "note_width": [
            0,
            1,
            2,
            3,
            4,
            5
        ],
        "description": "s_start",
        "command": "tap",
        "hitline": 0,
        "execution": "t"
    },
    {
        "id": 75,
        "timestamp": 69.524,
        "hit_pos": 3,
        "hold_pos": 0,
        "note_width": [
            0,
            1,
            2,
            3,
            4,
            5
        ],
        "description": "s_end",
        "command": "virtual_release",
        "hitline": 2,
        "execution": "r"
    },
    {
        "id": 75.5,
        "timestamp": 69.56400000000001,
        "hit_pos": -1,
        "hold_pos": 0,
        "note_width": [],
        "description": "",
        "command": "virtual_resume",
        "hitline": 1,
        "execution": "h"
    },
    {
        "id": 76,
        "timestamp": 70.477,
        "hit_pos": 9,
        "hold_pos": 3,
        "note_width": [
            6,
            7,
            8,
            9,
            10,
            11
        ],
        "description": "tap",
        "command": "tap",
        "hitline": 0,
        "execution": "t"
    },
    {
        "id": 77,
        "timestamp": 71.429,
        "hit_pos": 3,
        "hold_pos": 0,
        "note_width": [
            0,
            1,
            2,
            3,
            4,
            5
        ],
        "description": "tap",
        "command": "tap",
        "hitline": 0,
        "execution": "t"
    },
    {
        "id": 78,
        "timestamp": 72.381,
        "hit_pos": 9,
        "hold_pos": 3,
        "note_width": [
            6,
            7,
            8,
            9,
            10,
            11
        ],
        "description": "s_start",
        "command": "tap",
        "hitline": 0,
        "execution": "t"
    },
    {
        "id": 79,
        "timestamp": 73.334,
        "hit_pos": 9,
        "hold_pos": 3,
        "note_width": [
            6,
            7,
            8,
            9,
            10,
            11
        ],
        "description": "s_end",
        "command": "virtual_release",
        "hitline": 1,
        "execution": "r"
    },
    {
        "id": 79.5,
        "timestamp": 73.37400000000001,
        "hit_pos": -1,
        "hold_pos": 3,
        "note_width": [],
        "description": "",
        "command": "virtual_resume",
        "hitline": 2,
        "execution": "h"
    },
    {
        "id": 80,
        "timestamp": 73.81,
        "hit_pos": 3,
        "hold_pos": 0,
        "note_width": [
            0,
            1,
            2,
            3,
            4,
            5
        ],
        "description": "tap",
        "command": "tap",
        "hitline": 0,
        "execution": "t"
    },
    {
        "id": 81,
        "timestamp": 74.286,
        "hit_pos": 8,
        "hold_pos": 3,
        "note_width": [
            6,
            7,
            8,
            9
        ],
        "description": "s_start",
        "command": "tap",
        "hitline": 0,
        "execution": "t"
    },
    {
        "id": 82,
        "timestamp": 75.238,
        "hit_pos": 8,
        "hold_pos": 3,
        "note_width": [
            6,
            7,
            8,
            9
        ],
        "description": "s_end",
        "command": "virtual_release",
        "hitline": 2,
        "execution": "r"
    },
    {
        "id": 82.5,
        "timestamp": 75.278,
        "hit_pos": -1,
        "hold_pos": 3,
        "note_width": [],
        "description": "",
        "command": "virtual_resume",
        "hitline": 1,
        "execution": "h"
    },
    {
        "id": 83,
        "timestamp": 76.191,
        "hit_pos": 2,
        "hold_pos": 0,
        "note_width": [
            0,
            1,
            2,
            3
        ],
        "description": "s_start",
        "command": "tap",
        "hitline": 0,
        "execution": "t"
    },
    {
        "id": 84,
        "timestamp": 77.143,
        "hit_pos": 2,
        "hold_pos": 0,
        "note_width": [
            0,
            1,
            2,
            3
        ],
        "description": "s_end",
        "command": "virtual_release",
        "hitline": 1,
        "execution": "r"
    },
    {
        "id": 84.5,
        "timestamp": 77.183,
        "hit_pos": -1,
        "hold_pos": 0,
        "note_width": [],
        "description": "",
        "command": "virtual_resume",
        "hitline": 2,
        "execution": "h"
    },
    {
        "id": 85,
        "timestamp": 78.096,
        "hit_pos": 10,
        "hold_pos": 4,
        "note_width": [
            8,
            9,
            10,
            11
        ],
        "description": "s_start",
        "command": "tap",
        "hitline": 0,
        "execution": "t"
    },
    {
        "id": 86,
        "timestamp": 79.048,
        "hit_pos": 10,
        "hold_pos": 4,
        "note_width": [
            8,
            9,
            10,
            11
        ],
        "description": "s_end",
        "command": "virtual_release",
        "hitline": 2,
        "execution": "r"
    },
    {
        "id": 86.5,
        "timestamp": 79.08800000000001,
        "hit_pos": -1,
        "hold_pos": 4,
        "note_width": [],
        "description": "",
        "command": "virtual_resume",
        "hitline": 1,
        "execution": "h"
    },
    {
        "id": 87,
        "timestamp": 80.0,
        "hit_pos": 4,
        "hold_pos": 1,
        "note_width": [
            2,
            3,
            4,
            5
        ],
        "description": "s_start",
        "command": "tap",
        "hitline": 0,
        "execution": "t"
    },
    {
        "id": 88,
        "timestamp": 80.953,
        "hit_pos": 4,
        "hold_pos": 1,
        "note_width": [
            2,
            3,
            4,
            5
        ],
        "description": "s_end",
        "command": "virtual_release",
        "hitline": 2,
        "execution": "r"
    },
    {
        "id": 88.5,
        "timestamp": 80.99300000000001,
        "hit_pos": -1,
        "hold_pos": 1,
        "note_width": [],
        "description": "",
        "command": "virtual_resume",
        "hitline": 1,
        "execution": "h"
    },
    {
        "id": 89,
        "timestamp": 81.905,
        "hit_pos": 10,
        "hold_pos": 4,
        "note_width": [
            8,
            9,
            10,
            11
        ],
        "description": "tap",
        "command": "tap",
        "hitline": 0,
        "execution": "t"
    },
    {
        "id": 90,
        "timestamp": 82.858,
        "hit_pos": 10,
        "hold_pos": 4,
        "note_width": [
            8,
            9,
            10,
            11
        ],
        "description": "tap",
        "command": "tap",
        "hitline": 0,
        "execution": "t"
    },
    {
        "id": 91,
        "timestamp": 83.81,
        "hit_pos": 2,
        "hold_pos": 0,
        "note_width": [
            0,
            1,
            2,
            3
        ],
        "description": "tap",
        "command": "tap",
        "hitline": 0,
        "execution": "t"
    },
    {
        "id": 92,
        "timestamp": 84.762,
        "hit_pos": 2,
        "hold_pos": 0,
        "note_width": [
            0,
            1,
            2,
            3
        ],
        "description": "tap",
        "command": "tap",
        "hitline": 0,
        "execution": "t"
    },
    {
        "id": 93,
        "timestamp": 85.715,
        "hit_pos": 8,
        "hold_pos": 3,
        "note_width": [
            6,
            7,
            8,
            9
        ],
        "description": "tap",
        "command": "tap",
        "hitline": 0,
        "execution": "t"
    },
    {
        "id": 94,
        "timestamp": 86.667,
        "hit_pos": 4,
        "hold_pos": 1,
        "note_width": [
            2,
            3,
            4,
            5
        ],
        "description": "tap",
        "command": "tap",
        "hitline": 0,
        "execution": "t"
    },
    {
        "id": 95,
        "timestamp": 87.619,
        "hit_pos": 8,
        "hold_pos": 3,
        "note_width": [
            6,
            7,
            8,
            9
        ],
        "description": "s_start",
        "command": "tap",
        "hitline": 0,
        "execution": "t"
    },
    {
        "id": 96,
        "timestamp": 89.286,
        "hit_pos": 8,
        "hold_pos": 3,
        "note_width": [
            6,
            7,
            8,
            9
        ],
        "description": "s_end",
        "command": "virtual_release",
        "hitline": 1,
        "execution": "r"
    },
    {
        "id": 96.5,
        "timestamp": 89.32600000000001,
        "hit_pos": -1,
        "hold_pos": 3,
        "note_width": [],
        "description": "",
        "command": "virtual_resume",
        "hitline": 2,
        "execution": "h"
    },
    {
        "id": 97,
        "timestamp": 91.429,
        "hit_pos": 2,
        "hold_pos": 0,
        "note_width": [
            0,
            1,
            2,
            3
        ],
        "description": "s_start",
        "command": "tap",
        "hitline": 0,
        "execution": "t"
    },
    {
        "id": 98,
        "timestamp": 92.381,
        "hit_pos": 2,
        "hold_pos": 0,
        "note_width": [
            0,
            1,
            2,
            3
        ],
        "description": "s_end",
        "command": "virtual_release",
        "hitline": 2,
        "execution": "r"
    },
    {
        "id": 98.5,
        "timestamp": 92.421,
        "hit_pos": -1,
        "hold_pos": 0,
        "note_width": [],
        "description": "",
        "command": "virtual_resume",
        "hitline": 1,
        "execution": "h"
    },
    {
        "id": 99,
        "timestamp": 93.334,
        "hit_pos": 10,
        "hold_pos": 4,
        "note_width": [
            8,
            9,
            10,
            11
        ],
        "description": "tap",
        "command": "tap",
        "hitline": 0,
        "execution": "t"
    },
    {
        "id": 100,
        "timestamp": 94.286,
        "hit_pos": 4,
        "hold_pos": 1,
        "note_width": [
            2,
            3,
            4,
            5
        ],
        "description": "tap",
        "command": "tap",
        "hitline": 0,
        "execution": "t"
    },
    {
        "id": 101,
        "timestamp": 95.238,
        "hit_pos": 8,
        "hold_pos": 3,
        "note_width": [
            6,
            7,
            8,
            9
        ],
        "description": "tap",
        "command": "tap",
        "hitline": 0,
        "execution": "t"
    },
    {
        "id": 102,
        "timestamp": 96.191,
        "hit_pos": 2,
        "hold_pos": 0,
        "note_width": [
            0,
            1,
            2,
            3
        ],
        "description": "tap",
        "command": "tap",
        "hitline": 0,
        "execution": "t"
    },
    {
        "id": 103,
        "timestamp": 97.143,
        "hit_pos": 10,
        "hold_pos": 4,
        "note_width": [
            8,
            9,
            10,
            11
        ],
        "description": "tap",
        "command": "tap",
        "hitline": 0,
        "execution": "t"
    },
    {
        "id": 104,
        "timestamp": 98.096,
        "hit_pos": 4,
        "hold_pos": 1,
        "note_width": [
            2,
            3,
            4,
            5
        ],
        "description": "tap",
        "command": "tap",
        "hitline": 0,
        "execution": "t"
    },
    {
        "id": 105,
        "timestamp": 99.048,
        "hit_pos": 10,
        "hold_pos": 4,
        "note_width": [
            8,
            9,
            10,
            11
        ],
        "description": "s_start",
        "command": "tap",
        "hitline": 0,
        "execution": "t"
    },
    {
        "id": 106,
        "timestamp": 100.0,
        "hit_pos": 10,
        "hold_pos": 4,
        "note_width": [
            8,
            9,
            10,
            11
        ],
        "description": "s_end",
        "command": "virtual_release",
        "hitline": 1,
        "execution": "r"
    },
    {
        "id": 106.5,
        "timestamp": 100.04,
        "hit_pos": -1,
        "hold_pos": 4,
        "note_width": [],
        "description": "",
        "command": "virtual_resume",
        "hitline": 2,
        "execution": "h"
    },
    {
        "id": 107,
        "timestamp": 100.953,
        "hit_pos": 2,
        "hold_pos": 0,
        "note_width": [
            0,
            1,
            2,
            3
        ],
        "description": "tap",
        "command": "tap",
        "hitline": 0,
        "execution": "t"
    },
    {
        "id": 108,
        "timestamp": 101.905,
        "hit_pos": 8,
        "hold_pos": 3,
        "note_width": [
            6,
            7,
            8,
            9
        ],
        "description": "tap",
        "command": "tap",
        "hitline": 0,
        "execution": "t"
    },
    {
        "id": 109,
        "timestamp": 102.858,
        "hit_pos": 4,
        "hold_pos": 1,
        "note_width": [
            2,
            3,
            4,
            5
        ],
        "description": "tap",
        "command": "tap",
        "hitline": 0,
        "execution": "t"
    },
    {
        "id": 110,
        "timestamp": 103.81,
        "hit_pos": 10,
        "hold_pos": 4,
        "note_width": [
            8,
            9,
            10,
            11
        ],
        "description": "tap",
        "command": "tap",
        "hitline": 0,
        "execution": "t"
    },
    {
        "id": 111,
        "timestamp": 104.762,
        "hit_pos": 2,
        "hold_pos": 0,
        "note_width": [
            0,
            1,
            2,
            3
        ],
        "description": "s_start",
        "command": "tap",
        "hitline": 0,
        "execution": "t"
    },
    {
        "id": 112,
        "timestamp": 105.715,
        "hit_pos": 2,
        "hold_pos": 0,
        "note_width": [
            0,
            1,
            2,
            3
        ],
        "description": "s_end",
        "command": "virtual_release",
        "hitline": 1,
        "execution": "r"
    },
    {
        "id": 112.5,
        "timestamp": 105.75500000000001,
        "hit_pos": -1,
        "hold_pos": 0,
        "note_width": [],
        "description": "",
        "command": "virtual_resume",
        "hitline": 2,
        "execution": "h"
    },
    {
        "id": 113,
        "timestamp": 106.667,
        "hit_pos": 9,
        "hold_pos": 3,
        "note_width": [
            6,
            7,
            8,
            9,
            10,
            11
        ],
        "description": "c_tap",
        "command": "tap",
        "hitline": 0,
        "execution": "t"
    },
    {
        "id": 114,
        "timestamp": 107.143,
        "hit_pos": 9,
        "hold_pos": 3,
        "note_width": [
            6,
            7,
            8,
            9,
            10,
            11
        ],
        "description": "tap",
        "command": "tap",
        "hitline": 0,
        "execution": "t"
    },
    {
        "id": 115,
        "timestamp": 107.619,
        "hit_pos": 9,
        "hold_pos": 3,
        "note_width": [
            6,
            7,
            8,
            9,
            10,
            11
        ],
        "description": "tap",
        "command": "tap",
        "hitline": 0,
        "execution": "t"
    },
    {
        "id": 116,
        "timestamp": 108.572,
        "hit_pos": 3,
        "hold_pos": 0,
        "note_width": [
            0,
            1,
            2,
            3,
            4,
            5
        ],
        "description": "tap",
        "command": "tap",
        "hitline": 0,
        "execution": "t"
    },
    {
        "id": 117,
        "timestamp": 109.048,
        "hit_pos": 9,
        "hold_pos": 3,
        "note_width": [
            6,
            7,
            8,
            9,
            10,
            11
        ],
        "description": "tap",
        "command": "tap",
        "hitline": 0,
        "execution": "t"
    },
    {
        "id": 118,
        "timestamp": 109.524,
        "hit_pos": 3,
        "hold_pos": 0,
        "note_width": [
            0,
            1,
            2,
            3,
            4,
            5
        ],
        "description": "tap",
        "command": "tap",
        "hitline": 0,
        "execution": "t"
    },
    {
        "id": 119,
        "timestamp": 110.0,
        "hit_pos": 9,
        "hold_pos": 3,
        "note_width": [
            6,
            7,
            8,
            9,
            10,
            11
        ],
        "description": "tap",
        "command": "tap",
        "hitline": 0,
        "execution": "t"
    },
    {
        "id": 120,
        "timestamp": 110.477,
        "hit_pos": 3,
        "hold_pos": 0,
        "note_width": [
            0,
            1,
            2,
            3,
            4,
            5
        ],
        "description": "s_start",
        "command": "tap",
        "hitline": 0,
        "execution": "t"
    },
    {
        "id": 121,
        "timestamp": 111.429,
        "hit_pos": 3,
        "hold_pos": 0,
        "note_width": [
            0,
            1,
            2,
            3,
            4,
            5
        ],
        "description": "s_end",
        "command": "virtual_release",
        "hitline": 2,
        "execution": "r"
    },
    {
        "id": 121.5,
        "timestamp": 111.46900000000001,
        "hit_pos": -1,
        "hold_pos": 0,
        "note_width": [],
        "description": "",
        "command": "virtual_resume",
        "hitline": 1,
        "execution": "h"
    },
    {
        "id": 122,
        "timestamp": 112.381,
        "hit_pos": 9,
        "hold_pos": 3,
        "note_width": [
            6,
            7,
            8,
            9,
            10,
            11
        ],
        "description": "s_start",
        "command": "tap",
        "hitline": 0,
        "execution": "t"
    },
    {
        "id": 123,
        "timestamp": 113.334,
        "hit_pos": 9,
        "hold_pos": 3,
        "note_width": [
            6,
            7,
            8,
            9,
            10,
            11
        ],
        "description": "s_end",
        "command": "virtual_release",
        "hitline": 2,
        "execution": "r"
    },
    {
        "id": 123.5,
        "timestamp": 113.37400000000001,
        "hit_pos": -1,
        "hold_pos": 3,
        "note_width": [],
        "description": "",
        "command": "virtual_resume",
        "hitline": 1,
        "execution": "h"
    },
    {
        "id": 124,
        "timestamp": 114.286,
        "hit_pos": 3,
        "hold_pos": 0,
        "note_width": [
            0,
            1,
            2,
            3,
            4,
            5
        ],
        "description": "c_tap",
        "command": "tap",
        "hitline": 0,
        "execution": "t"
    },
    {
        "id": 125,
        "timestamp": 114.762,
        "hit_pos": 3,
        "hold_pos": 0,
        "note_width": [
            0,
            1,
            2,
            3,
            4,
            5
        ],
        "description": "tap",
        "command": "tap",
        "hitline": 0,
        "execution": "t"
    },
    {
        "id": 126,
        "timestamp": 115.238,
        "hit_pos": 3,
        "hold_pos": 0,
        "note_width": [
            0,
            1,
            2,
            3,
            4,
            5
        ],
        "description": "tap",
        "command": "tap",
        "hitline": 0,
        "execution": "t"
    },
    {
        "id": 127,
        "timestamp": 116.191,
        "hit_pos": 9,
        "hold_pos": 3,
        "note_width": [
            6,
            7,
            8,
            9,
            10,
            11
        ],
        "description": "c_tap",
        "command": "tap",
        "hitline": 0,
        "execution": "t"
    },
    {
        "id": 128,
        "timestamp": 116.667,
        "hit_pos": 3,
        "hold_pos": 0,
        "note_width": [
            0,
            1,
            2,
            3,
            4,
            5
        ],
        "description": "c_tap",
        "command": "tap",
        "hitline": 0,
        "execution": "t"
    },
    {
        "id": 129,
        "timestamp": 117.143,
        "hit_pos": 9,
        "hold_pos": 3,
        "note_width": [
            6,
            7,
            8,
            9,
            10,
            11
        ],
        "description": "c_tap",
        "command": "tap",
        "hitline": 0,
        "execution": "t"
    },
    {
        "id": 130,
        "timestamp": 117.619,
        "hit_pos": 3,
        "hold_pos": 0,
        "note_width": [
            0,
            1,
            2,
            3,
            4,
            5
        ],
        "description": "c_tap",
        "command": "tap",
        "hitline": 0,
        "execution": "t"
    },
    {
        "id": 131,
        "timestamp": 118.096,
        "hit_pos": 9,
        "hold_pos": 3,
        "note_width": [
            6,
            7,
            8,
            9,
            10,
            11
        ],
        "description": "s_start",
        "command": "tap",
        "hitline": 0,
        "execution": "t"
    },
    {
        "id": 132,
        "timestamp": 119.048,
        "hit_pos": 9,
        "hold_pos": 3,
        "note_width": [
            6,
            7,
            8,
            9,
            10,
            11
        ],
        "description": "s_end",
        "command": "virtual_release",
        "hitline": 1,
        "execution": "r"
    },
    {
        "id": 132.5,
        "timestamp": 119.08800000000001,
        "hit_pos": -1,
        "hold_pos": 3,
        "note_width": [],
        "description": "",
        "command": "virtual_resume",
        "hitline": 2,
        "execution": "h"
    },
    {
        "id": 133,
        "timestamp": 120.0,
        "hit_pos": 3,
        "hold_pos": 0,
        "note_width": [
            0,
            1,
            2,
            3,
            4,
            5
        ],
        "description": "s_start",
        "command": "tap",
        "hitline": 0,
        "execution": "t"
    },
    {
        "id": 134,
        "timestamp": 120.953,
        "hit_pos": 3,
        "hold_pos": 0,
        "note_width": [
            0,
            1,
            2,
            3,
            4,
            5
        ],
        "description": "s_end",
        "command": "virtual_release",
        "hitline": 1,
        "execution": "r"
    },
    {
        "id": 134.5,
        "timestamp": 120.99300000000001,
        "hit_pos": -1,
        "hold_pos": 0,
        "note_width": [],
        "description": "",
        "command": "virtual_resume",
        "hitline": 2,
        "execution": "h"
    },
    {
        "id": 135,
        "timestamp": 121.905,
        "hit_pos": 9,
        "hold_pos": 3,
        "note_width": [
            6,
            7,
            8,
            9,
            10,
            11
        ],
        "description": "tap",
        "command": "tap",
        "hitline": 0,
        "execution": "t"
    },
    {
        "id": 136,
        "timestamp": 122.381,
        "hit_pos": 3,
        "hold_pos": 0,
        "note_width": [
            0,
            1,
            2,
            3,
            4,
            5
        ],
        "description": "tap",
        "command": "tap",
        "hitline": 0,
        "execution": "t"
    },
    {
        "id": 137,
        "timestamp": 122.858,
        "hit_pos": 9,
        "hold_pos": 3,
        "note_width": [
            6,
            7,
            8,
            9,
            10,
            11
        ],
        "description": "tap",
        "command": "tap",
        "hitline": 0,
        "execution": "t"
    },
    {
        "id": 138,
        "timestamp": 123.334,
        "hit_pos": 3,
        "hold_pos": 0,
        "note_width": [
            0,
            1,
            2,
            3,
            4,
            5
        ],
        "description": "tap",
        "command": "tap",
        "hitline": 0,
        "execution": "t"
    },
    {
        "id": 139,
        "timestamp": 123.81,
        "hit_pos": 9,
        "hold_pos": 3,
        "note_width": [
            6,
            7,
            8,
            9,
            10,
            11
        ],
        "description": "s_start",
        "command": "tap",
        "hitline": 0,
        "execution": "t"
    },
    {
        "id": 140,
        "timestamp": 124.762,
        "hit_pos": 9,
        "hold_pos": 3,
        "note_width": [
            6,
            7,
            8,
            9,
            10,
            11
        ],
        "description": "s_end",
        "command": "virtual_release",
        "hitline": 2,
        "execution": "r"
    },
    {
        "id": 140.5,
        "timestamp": 124.802,
        "hit_pos": -1,
        "hold_pos": 3,
        "note_width": [],
        "description": "",
        "command": "virtual_resume",
        "hitline": 1,
        "execution": "h"
    },
    {
        "id": 141,
        "timestamp": 125.715,
        "hit_pos": 3,
        "hold_pos": 0,
        "note_width": [
            0,
            1,
            2,
            3,
            4,
            5
        ],
        "description": "tap",
        "command": "tap",
        "hitline": 0,
        "execution": "t"
    },
    {
        "id": 142,
        "timestamp": 126.191,
        "hit_pos": 9,
        "hold_pos": 3,
        "note_width": [
            6,
            7,
            8,
            9,
            10,
            11
        ],
        "description": "tap",
        "command": "tap",
        "hitline": 0,
        "execution": "t"
    },
    {
        "id": 143,
        "timestamp": 126.667,
        "hit_pos": 3,
        "hold_pos": 0,
        "note_width": [
            0,
            1,
            2,
            3,
            4,
            5
        ],
        "description": "tap",
        "command": "tap",
        "hitline": 0,
        "execution": "t"
    },
    {
        "id": 144,
        "timestamp": 127.143,
        "hit_pos": 9,
        "hold_pos": 3,
        "note_width": [
            6,
            7,
            8,
            9,
            10,
            11
        ],
        "description": "tap",
        "command": "tap",
        "hitline": 0,
        "execution": "t"
    },
    {
        "id": 145,
        "timestamp": 127.619,
        "hit_pos": 3,
        "hold_pos": 0,
        "note_width": [
            0,
            1,
            2,
            3,
            4,
            5
        ],
        "description": "s_start",
        "command": "tap",
        "hitline": 0,
        "execution": "t"
    },
    {
        "id": 146,
        "timestamp": 128.572,
        "hit_pos": 3,
        "hold_pos": 0,
        "note_width": [
            0,
            1,
            2,
            3,
            4,
            5
        ],
        "description": "s_end",
        "command": "virtual_release",
        "hitline": 2,
        "execution": "r"
    },
    {
        "id": 146.5,
        "timestamp": 128.612,
        "hit_pos": -1,
        "hold_pos": 0,
        "note_width": [],
        "description": "",
        "command": "virtual_resume",
        "hitline": 1,
        "execution": "h"
    },
    {
        "id": 147,
        "timestamp": 129.524,
        "hit_pos": 9,
        "hold_pos": 3,
        "note_width": [
            6,
            7,
            8,
            9,
            10,
            11
        ],
        "description": "tap",
        "command": "tap",
        "hitline": 0,
        "execution": "t"
    },
    {
        "id": 148,
        "timestamp": 130.0,
        "hit_pos": 3,
        "hold_pos": 0,
        "note_width": [
            0,
            1,
            2,
            3,
            4,
            5
        ],
        "description": "tap",
        "command": "tap",
        "hitline": 0,
        "execution": "t"
    },
    {
        "id": 149,
        "timestamp": 130.477,
        "hit_pos": 9,
        "hold_pos": 3,
        "note_width": [
            6,
            7,
            8,
            9,
            10,
            11
        ],
        "description": "tap",
        "command": "tap",
        "hitline": 0,
        "execution": "t"
    },
    {
        "id": 150,
        "timestamp": 130.953,
        "hit_pos": 3,
        "hold_pos": 0,
        "note_width": [
            0,
            1,
            2,
            3,
            4,
            5
        ],
        "description": "tap",
        "command": "tap",
        "hitline": 0,
        "execution": "t"
    },
    {
        "id": 151,
        "timestamp": 131.429,
        "hit_pos": 9,
        "hold_pos": 3,
        "note_width": [
            6,
            7,
            8,
            9,
            10,
            11
        ],
        "description": "c_tap",
        "command": "tap",
        "hitline": 0,
        "execution": "t"
    },
    {
        "id": 152,
        "timestamp": 131.905,
        "hit_pos": 3,
        "hold_pos": 0,
        "note_width": [
            0,
            1,
            2,
            3,
            4,
            5
        ],
        "description": "c_tap",
        "command": "tap",
        "hitline": 0,
        "execution": "t"
    },
    {
        "id": 153,
        "timestamp": 132.381,
        "hit_pos": 9,
        "hold_pos": 3,
        "note_width": [
            6,
            7,
            8,
            9,
            10,
            11
        ],
        "description": "c_tap",
        "command": "tap",
        "hitline": 0,
        "execution": "t"
    },
    {
        "id": 154,
        "timestamp": 132.858,
        "hit_pos": 3,
        "hold_pos": 0,
        "note_width": [
            0,
            1,
            2,
            3,
            4,
            5
        ],
        "description": "c_tap",
        "command": "tap",
        "hitline": 0,
        "execution": "t"
    },
    {
        "id": 155,
        "timestamp": 133.334,
        "hit_pos": 9,
        "hold_pos": 3,
        "note_width": [
            6,
            7,
            8,
            9,
            10,
            11
        ],
        "description": "s_start",
        "command": "tap",
        "hitline": 0,
        "execution": "t"
    },
    {
        "id": 156,
        "timestamp": 134.762,
        "hit_pos": 9,
        "hold_pos": 3,
        "note_width": [
            6,
            7,
            8,
            9,
            10,
            11
        ],
        "description": "s_end",
        "command": "virtual_release",
        "hitline": 1,
        "execution": "r"
    },
    {
        "id": 156.5,
        "timestamp": 134.802,
        "hit_pos": -1,
        "hold_pos": 3,
        "note_width": [],
        "description": "",
        "command": "virtual_resume",
        "hitline": 2,
        "execution": "h"
    }
]