[
    {
        "id": 0,
        "timestamp": 0.0,
        "hit_pos": 10,
        "hold_pos": 4,
        "note_width": [
            8,
            9,
            10,
            11
        ],
        "description": "tap",
        "command": "tap",
        "hitline": 0,
        "execution": "t"
    },
    {
        "id": 1,
        "timestamp": 0.238,
        "hit_pos": 4,
        "hold_pos": 1,
        "note_width": [
            2,
            3,
            4,
            5
        ],
        "description": "tap",
        "command": "tap",
        "hitline": 0,
        "execution": "t"
    },
    {
        "id": 2,
        "timestamp": 0.4770000000000001,
        "hit_pos": 10,
        "hold_pos": 4,
        "note_width": [
            8,
            9,
            10,
            11
        ],
        "description": "tap",
        "command": "tap",
        "hitline": 0,
        "execution": "t"
    },
    {
        "id": 3,
        "timestamp": 0.7150000000000001,
        "hit_pos": 4,
        "hold_pos": 1,
        "note_width": [
            2,
            3,
            4,
            5
        ],
        "description": "tap",
        "command": "tap",
        "hitline": 0,
        "execution": "t"
    },
    {
        "id": 4,
        "timestamp": 0.9530000000000001,
        "hit_pos": 10,
        "hold_pos": 4,
        "note_width": [
            8,
            9,
            10,
            11
        ],
        "description": "tap",
        "command": "tap",
        "hitline": 0,
        "execution": "t"
    },
    {
        "id": 5,
        "timestamp": 1.9050000000000002,
        "hit_pos": 2,
        "hold_pos": 0,
        "note_width": [
            0,
            1,
            2,
            3
        ],
        "description": "tap",
        "command": "tap",
        "hitline": 0,
        "execution": "t"
    },
    {
        "id": 6,
        "timestamp": 2.1430000000000002,
        "hit_pos": 8,
        "hold_pos": 3,
        "note_width": [
            6,
            7,
            8,
            9
        ],
        "description": "tap",
        "command": "tap",
        "hitline": 0,
        "execution": "t"
    },
    {
        "id": 7,
        "timestamp": 2.3810000000000002,
        "hit_pos": 2,
        "hold_pos": 0,
        "note_width": [
            0,
            1,
            2,
            3
        ],
        "description": "tap",
        "command": "tap",
        "hitline": 0,
        "execution": "t"
    },
    {
        "id": 8,
        "timestamp": 2.619,
        "hit_pos": 8,
        "hold_pos": 3,
        "note_width": [
            6,
            7,
            8,
            9
        ],
        "description": "tap",
        "command": "tap",
        "hitline": 0,
        "execution": "t"
    },
    {
        "id": 9,
        "timestamp": 2.858,
        "hit_pos": 2,
        "hold_pos": 0,
        "note_width": [
            0,
            1,
            2,
            3
        ],
        "description": "tap",
        "command": "tap",
        "hitline": 0,
        "execution": "t"
    },
    {
        "id": 10,
        "timestamp": 3.8099999999999996,
        "hit_pos": 10,
        "hold_pos": 4,
        "note_width": [
            8,
            9,
            10,
            11
        ],
        "description": "tap",
        "command": "tap",
        "hitline": 0,
        "execution": "t"
    },
    {
        "id": 11,
        "timestamp": 4.048,
        "hit_pos": 4,
        "hold_pos": 1,
        "note_width": [
            2,
            3,
            4,
            5
        ],
        "description": "tap",
        "command": "tap",
        "hitline": 0,
        "execution": "t"
    },
    {
        "id": 12,
        "timestamp": 4.2860000000000005,
        "hit_pos": 10,
        "hold_pos": 4,
        "note_width": [
            8,
            9,
            10,
            11
        ],
        "description": "tap",
        "command": "tap",
        "hitline": 0,
        "execution": "t"
    },
    {
        "id": 13,
        "timestamp": 4.524,
        "hit_pos": 4,
        "hold_pos": 1,
        "note_width": [
            2,
            3,
            4,
            5
        ],
        "description": "tap",
        "command": "tap",
        "hitline": 0,
        "execution": "t"
    },
    {
        "id": 14,
        "timestamp": 4.7620000000000005,
        "hit_pos": 10,
        "hold_pos": 4,
        "note_width": [
            8,
            9,
            10,
            11
        ],
        "description": "tap",
        "command": "tap",
        "hitline": 0,
        "execution": "t"
    },
    {
        "id": 15,
        "timestamp": 5.715,
        "hit_pos": 2,
        "hold_pos": 0,
        "note_width": [
            0,
            1,
            2,
            3
        ],
        "description": "tap",
        "command": "tap",
        "hitline": 0,
        "execution": "t"
    },
    {
        "id": 16,
        "timestamp": 5.953,
        "hit_pos": 8,
        "hold_pos": 3,
        "note_width": [
            6,
            7,
            8,
            9
        ],
        "description": "tap",
        "command": "tap",
        "hitline": 0,
        "execution": "t"
    },
    {
        "id": 17,
        "timestamp": 6.191,
        "hit_pos": 2,
        "hold_pos": 0,
        "note_width": [
            0,
            1,
            2,
            3
        ],
        "description": "tap",
        "command": "tap",
        "hitline": 0,
        "execution": "t"
    },
    {
        "id": 18,
        "timestamp": 6.429,
        "hit_pos": 8,
        "hold_pos": 3,
        "note_width": [
            6,
            7,
            8,
            9
        ],
        "description": "tap",
        "command": "tap",
        "hitline": 0,
        "execution": "t"
    },
    {
        "id": 19,
        "timestamp": 6.667,
        "hit_pos": 2,
        "hold_pos": 0,
        "note_width": [
            0,
            1,
            2,
            3
        ],
        "description": "tap",
        "command": "tap",
        "hitline": 0,
        "execution": "t"
    },
    {
        "id": 20,
        "timestamp": 7.619,
        "hit_pos": 10,
        "hold_pos": 4,
        "note_width": [
            8,
            9,
            10,
            11
        ],
        "description": "tap",
        "command": "tap",
        "hitline": 0,
        "execution": "t"
    },
    {
        "id": 21,
        "timestamp": 8.096,
        "hit_pos": 4,
        "hold_pos": 1,
        "note_width": [
            2,
            3,
            4,
            5
        ],
        "description": "tap",
        "command": "tap",
        "hitline": 0,
        "execution": "t"
    },
    {
        "id": 22,
        "timestamp": 8.572,
        "hit_pos": 8,
        "hold_pos": 3,
        "note_width": [
            6,
            7,
            8,
            9
        ],
        "description": "tap",
        "command": "tap",
        "hitline": 0,
        "execution": "t"
    },
    {
        "id": 23,
        "timestamp": 9.048,
        "hit_pos": 2,
        "hold_pos": 0,
        "note_width": [
            0,
            1,
            2,
            3
        ],
        "description": "tap",
        "command": "tap",
        "hitline": 0,
        "execution": "t"
    },
    {
        "id": 24,
        "timestamp": 9.524000000000001,
        "hit_pos": 8,
        "hold_pos": 3,
        "note_width": [
            6,
            7,
            8,
            9
        ],
        "description": "tap",
        "command": "tap",
        "hitline": 0,
        "execution": "t"
    },
    {
        "id": 25,
        "timestamp": 10.0,
        "hit_pos": 4,
        "hold_pos": 1,
        "note_width": [
            2,
            3,
            4,
            5
        ],
        "description": "tap",
        "command": "tap",
        "hitline": 0,
        "execution": "t"
    },
    {
        "id": 26,
        "timestamp": 10.477,
        "hit_pos": 10,
        "hold_pos": 4,
        "note_width": [
            8,
            9,
            10,
            11
        ],
        "description": "tap",
        "command": "tap",
        "hitline": 0,
        "execution": "t"
    },
    {
        "id": 27,
        "timestamp": 11.429,
        "hit_pos": 2,
        "hold_pos": 0,
        "note_width": [
            0,
            1,
            2,
            3
        ],
        "description": "tap",
        "command": "tap",
        "hitline": 0,
        "execution": "t"
    },
    {
        "id": 28,
        "timestamp": 11.905,
        "hit_pos": 8,
        "hold_pos": 3,
        "note_width": [
            6,
            7,
            8,
            9
        ],
        "description": "tap",
        "command": "tap",
        "hitline": 0,
        "execution": "t"
    },
    {
        "id": 29,
        "timestamp": 12.381,
        "hit_pos": 4,
        "hold_pos": 1,
        "note_width": [
            2,
            3,
            4,
            5
        ],
        "description": "tap",
        "command": "tap",
        "hitline": 0,
        "execution": "t"
    },
    {
        "id": 30,
        "timestamp": 12.858,
        "hit_pos": 10,
        "hold_pos": 4,
        "note_width": [
            8,
            9,
            10,
            11
        ],
        "description": "tap",
        "command": "tap",
        "hitline": 0,
        "execution": "t"
    },
    {
        "id": 31,
        "timestamp": 13.334,
        "hit_pos": 4,
        "hold_pos": 1,
        "note_width": [
            2,
            3,
            4,
            5
        ],
        "description": "tap",
        "command": "tap",
        "hitline": 0,
        "execution": "t"
    },
    {
        "id": 32,
        "timestamp": 13.81,
        "hit_pos": 8,
        "hold_pos": 3,
        "note_width": [
            6,
            7,
            8,
            9
        ],
        "description": "tap",
        "command": "tap",
        "hitline": 0,
        "execution": "t"
    },
    {
        "id": 33,
        "timestamp": 14.286,
        "hit_pos": 2,
        "hold_pos": 0,
        "note_width": [
            0,
            1,
            2,
            3
        ],
        "description": "tap",
        "command": "tap",
        "hitline": 0,
        "execution": "t"
    },
    {
        "id": 34,
        "timestamp": 15.238000000000001,
        "hit_pos": 10,
        "hold_pos": 4,
        "note_width": [
            8,
            9,
            10,
            11
        ],
        "description": "s_start",
        "command": "tap",
        "hitline": 0,
        "execution": "t"
    },
    {
        "id": 35,
        "timestamp": 16.667,
        "hit_pos": 10,
        "hold_pos": 4,
        "note_width": [
            8,
            9,
            10,
            11
        ],
        "description": "s_end",
        "command": "virtual_release",
        "hitline": 1,
        "execution": "r"
    },
    {
        "id": 35.5,
        "timestamp": 16.707,
        "hit_pos": -1,
        "hold_pos": 4,
        "note_width": [],
        "description": "",
        "command": "virtual_resume",
        "hitline": 2,
        "execution": "h"
    },
    {
        "id": 36,
        "timestamp": 17.143,
        "hit_pos": 2,
        "hold_pos": 0,
        "note_width": [
            0,
            1,
            2,
            3
        ],
        "description": "tap",
        "command": "tap",
        "hitline": 0,
        "execution": "t"
    },
    {
        "id": 37,
        "timestamp": 17.619,
        "hit_pos": 10,
        "hold_pos": 4,
        "note_width": [
            8,
            9,
            10,
            11
        ],
        "description": "tap",
        "command": "tap",
        "hitline": 0,
        "execution": "t"
    },
    {
        "id": 38,
        "timestamp": 18.095999999999997,
        "hit_pos": 4,
        "hold_pos": 1,
        "note_width": [
            2,
            3,
            4,
            5
        ],
        "description": "c_tap",
        "command": "tap",
        "hitline": 0,
        "execution": "t"
    },
    {
        "id": 39,
        "timestamp": 18.334000000000003,
        "hit_pos": 8,
        "hold_pos": 3,
        "note_width": [
            6,
            7,
            8,
            9
        ],
        "description": "c_tap",
        "command": "tap",
        "hitline": 0,
        "execution": "t"
    },
    {
        "id": 40,
        "timestamp": 18.572000000000003,
        "hit_pos": 4,
        "hold_pos": 1,
        "note_width": [
            2,
            3,
            4,
            5
        ],
        "description": "c_tap",
        "command": "tap",
        "hitline": 0,
        "execution": "t"
    },
    {
        "id": 41,
        "timestamp": 19.048000000000002,
        "hit_pos": 10,
        "hold_pos": 4,
        "note_width": [
            8,
            9,
            10,
            11
        ],
        "description": "tap",
        "command": "tap",
        "hitline": 0,
        "execution": "t"
    },
    {
        "id": 42,
        "timestamp": 19.524,
        "hit_pos": 2,
        "hold_pos": 0,
        "note_width": [
            0,
            1,
            2,
            3
        ],
        "description": "tap",
        "command": "tap",
        "hitline": 0,
        "execution": "t"
    },
    {
        "id": 43,
        "timestamp": 20.0,
        "hit_pos": 8,
        "hold_pos": 3,
        "note_width": [
            6,
            7,
            8,
            9
        ],
        "description": "tap",
        "command": "tap",
        "hitline": 0,
        "execution": "t"
    },
    {
        "id": 44,
        "timestamp": 20.476999999999997,
        "hit_pos": 4,
        "hold_pos": 1,
        "note_width": [
            2,
            3,
            4,
            5
        ],
        "description": "tap",
        "command": "tap",
        "hitline": 0,
        "execution": "t"
    },
    {
        "id": 45,
        "timestamp": 20.953000000000003,
        "hit_pos": 10,
        "hold_pos": 4,
        "note_width": [
            8,
            9,
            10,
            11
        ],
        "description": "tap",
        "command": "tap",
        "hitline": 0,
        "execution": "t"
    },
    {
        "id": 46,
        "timestamp": 21.429000000000002,
        "hit_pos": 2,
        "hold_pos": 0,
        "note_width": [
            0,
            1,
            2,
            3
        ],
        "description": "tap",
        "command": "tap",
        "hitline": 0,
        "execution": "t"
    },
    {
        "id": 47,
        "timestamp": 21.905,
        "hit_pos": 8,
        "hold_pos": 3,
        "note_width": [
            6,
            7,
            8,
            9
        ],
        "description": "tap",
        "command": "tap",
        "hitline": 0,
        "execution": "t"
    },
    {
        "id": 48,
        "timestamp": 22.143,
        "hit_pos": 4,
        "hold_pos": 1,
        "note_width": [
            2,
            3,
            4,
            5
        ],
        "description": "tap",
        "command": "tap",
        "hitline": 0,
        "execution": "t"
    },
    {
        "id": 49,
        "timestamp": 22.381,
        "hit_pos": 8,
        "hold_pos": 3,
        "note_width": [
            6,
            7,
            8,
            9
        ],
        "description": "tap",
        "command": "tap",
        "hitline": 0,
        "execution": "t"
    },
    {
        "id": 50,
        "timestamp": 22.857999999999997,
        "hit_pos": 2,
        "hold_pos": 0,
        "note_width": [
            0,
            1,
            2,
            3
        ],
        "description": "tap",
        "command": "tap",
        "hitline": 0,
        "execution": "t"
    },
    {
        "id": 51,
        "timestamp": 23.334000000000003,
        "hit_pos": 8,
        "hold_pos": 3,
        "note_width": [
            6,
            7,
            8,
            9
        ],
        "description": "tap",
        "command": "tap",
        "hitline": 0,
        "execution": "t"
    },
    {
        "id": 52,
        "timestamp": 23.810000000000002,
        "hit_pos": 4,
        "hold_pos": 1,
        "note_width": [
            2,
            3,
            4,
            5
        ],
        "description": "tap",
        "command": "tap",
        "hitline": 0,
        "execution": "t"
    },
    {
        "id": 53,
        "timestamp": 24.286,
        "hit_pos": 10,
        "hold_pos": 4,
        "note_width": [
            8,
            9,
            10,
            11
        ],
        "description": "tap",
        "command": "tap",
        "hitline": 0,
        "execution": "t"
    },
    {
        "id": 54,
        "timestamp": 24.762,
        "hit_pos": 4,
        "hold_pos": 1,
        "note_width": [
            2,
            3,
            4,
            5
        ],
        "description": "tap",
        "command": "tap",
        "hitline": 0,
        "execution": "t"
    },
    {
        "id": 55,
        "timestamp": 25.238,
        "hit_pos": 8,
        "hold_pos": 3,
        "note_width": [
            6,
            7,
            8,
            9
        ],
        "description": "tap",
        "command": "tap",
        "hitline": 0,
        "execution": "t"
    },
    {
        "id": 56,
        "timestamp": 25.715000000000003,
        "hit_pos": 2,
        "hold_pos": 0,
        "note_width": [
            0,
            1,
            2,
            3
        ],
        "description": "tap",
        "command": "tap",
        "hitline": 0,
        "execution": "t"
    },
    {
        "id": 57,
        "timestamp": 26.667,
        "hit_pos": 10,
        "hold_pos": 4,
        "note_width": [
            8,
            9,
            10,
            11
        ],
        "description": "tap",
        "command": "tap",
        "hitline": 0,
        "execution": "t"
    },
    {
        "id": 58,
        "timestamp": 27.143,
        "hit_pos": 4,
        "hold_pos": 1,
        "note_width": [
            2,
            3,
            4,
            5
        ],
        "description": "tap",
        "command": "tap",
        "hitline": 0,
        "execution": "t"
    },
    {
        "id": 59,
        "timestamp": 27.619,
        "hit_pos": 8,
        "hold_pos": 3,
        "note_width": [
            6,
            7,
            8,
            9
        ],
        "description": "tap",
        "command": "tap",
        "hitline": 0,
        "execution": "t"
    },
    {
        "id": 60,
        "timestamp": 28.095999999999997,
        "hit_pos": 2,
        "hold_pos": 0,
        "note_width": [
            0,
            1,
            2,
            3
        ],
        "description": "tap",
        "command": "tap",
        "hitline": 0,
        "execution": "t"
    },
    {
        "id": 61,
        "timestamp": 28.572000000000003,
        "hit_pos": 8,
        "hold_pos": 3,
        "note_width": [
            6,
            7,
            8,
            9
        ],
        "description": "tap",
        "command": "tap",
        "hitline": 0,
        "execution": "t"
    },
    {
        "id": 62,
        "timestamp": 29.048000000000002,
        "hit_pos": 4,
        "hold_pos": 1,
        "note_width": [
            2,
            3,
            4,
            5
        ],
        "description": "tap",
        "command": "tap",
        "hitline": 0,
        "execution": "t"
    },
    {
        "id": 63,
        "timestamp": 29.524,
        "hit_pos": 10,
        "hold_pos": 4,
        "note_width": [
            8,
            9,
            10,
            11
        ],
        "description": "tap",
        "command": "tap",
        "hitline": 0,
        "execution": "t"
    },
    {
        "id": 64,
        "timestamp": 30.476999999999997,
        "hit_pos": 2,
        "hold_pos": 0,
        "note_width": [
            0,
            1,
            2,
            3
        ],
        "description": "s_start",
        "command": "tap",
        "hitline": 0,
        "execution": "t"
    },
    {
        "id": 65,
        "timestamp": 31.905,
        "hit_pos": 2,
        "hold_pos": 0,
        "note_width": [
            0,
            1,
            2,
            3
        ],
        "description": "s_end",
        "command": "virtual_release",
        "hitline": 1,
        "execution": "r"
    },
    {
        "id": 65.5,
        "timestamp": 31.945,
        "hit_pos": -1,
        "hold_pos": 0,
        "note_width": [],
        "description": "",
        "command": "virtual_resume",
        "hitline": 2,
        "execution": "h"
    },
    {
        "id": 66,
        "timestamp": 32.381,
        "hit_pos": 10,
        "hold_pos": 4,
        "note_width": [
            8,
            9,
            10,
            11
        ],
        "description": "tap",
        "command": "tap",
        "hitline": 0,
        "execution": "t"
    },
    {
        "id": 67,
        "timestamp": 32.858000000000004,
        "hit_pos": 2,
        "hold_pos": 0,
        "note_width": [
            0,
            1,
            2,
            3
        ],
        "description": "tap",
        "command": "tap",
        "hitline": 0,
        "execution": "t"
    },
    {
        "id": 68,
        "timestamp": 33.334,
        "hit_pos": 8,
        "hold_pos": 3,
        "note_width": [
            6,
            7,
            8,
            9
        ],
        "description": "c_tap",
        "command": "tap",
        "hitline": 0,
        "execution": "t"
    },
    {
        "id": 69,
        "timestamp": 33.572,
        "hit_pos": 4,
        "hold_pos": 1,
        "note_width": [
            2,
            3,
            4,
            5
        ],
        "description": "c_tap",
        "command": "tap",
        "hitline": 0,
        "execution": "t"
    },
    {
        "id": 70,
        "timestamp": 33.81,
        "hit_pos": 8,
        "hold_pos": 3,
        "note_width": [
            6,
            7,
            8,
            9
        ],
        "description": "c_tap",
        "command": "tap",
        "hitline": 0,
        "execution": "t"
    },
    {
        "id": 71,
        "timestamp": 34.286,
        "hit_pos": 2,
        "hold_pos": 0,
        "note_width": [
            0,
            1,
            2,
            3
        ],
        "description": "tap",
        "command": "tap",
        "hitline": 0,
        "execution": "t"
    },
    {
        "id": 72,
        "timestamp": 34.762,
        "hit_pos": 10,
        "hold_pos": 4,
        "note_width": [
            8,
            9,
            10,
            11
        ],
        "description": "tap",
        "command": "tap",
        "hitline": 0,
        "execution": "t"
    },
    {
        "id": 73,
        "timestamp": 35.238,
        "hit_pos": 4,
        "hold_pos": 1,
        "note_width": [
            2,
            3,
            4,
            5
        ],
        "description": "tap",
        "command": "tap",
        "hitline": 0,
        "execution": "t"
    },
    {
        "id": 74,
        "timestamp": 35.715,
        "hit_pos": 8,
        "hold_pos": 3,
        "note_width": [
            6,
            7,
            8,
            9
        ],
        "description": "tap",
        "command": "tap",
        "hitline": 0,
        "execution": "t"
    },
    {
        "id": 75,
        "timestamp": 36.191,
        "hit_pos": 2,
        "hold_pos": 0,
        "note_width": [
            0,
            1,
            2,
            3
        ],
        "description": "tap",
        "command": "tap",
        "hitline": 0,
        "execution": "t"
    },
    {
        "id": 76,
        "timestamp": 36.667,
        "hit_pos": 10,
        "hold_pos": 4,
        "note_width": [
            8,
            9,
            10,
            11
        ],
        "description": "tap",
        "command": "tap",
        "hitline": 0,
        "execution": "t"
    },
    {
        "id": 77,
        "timestamp": 37.143,
        "hit_pos": 4,
        "hold_pos": 1,
        "note_width": [
            2,
            3,
            4,
            5
        ],
        "description": "tap",
        "command": "tap",
        "hitline": 0,
        "execution": "t"
    },
    {
        "id": 78,
        "timestamp": 37.381,
        "hit_pos": 8,
        "hold_pos": 3,
        "note_width": [
            6,
            7,
            8,
            9
        ],
        "description": "tap",
        "command": "tap",
        "hitline": 0,
        "execution": "t"
    },
    {
        "id": 79,
        "timestamp": 37.619,
        "hit_pos": 4,
        "hold_pos": 1,
        "note_width": [
            2,
            3,
            4,
            5
        ],
        "description": "tap",
        "command": "tap",
        "hitline": 0,
        "execution": "t"
    },
    {
        "id": 80,
        "timestamp": 38.096000000000004,
        "hit_pos": 10,
        "hold_pos": 4,
        "note_width": [
            8,
            9,
            10,
            11
        ],
        "description": "s_start",
        "command": "tap",
        "hitline": 0,
        "execution": "t"
    },
    {
        "id": 85,
        "timestamp": 41.905,
        "hit_pos": 10,
        "hold_pos": 4,
        "note_width": [
            8,
            9,
            10,
            11
        ],
        "description": "s_end",
        "command": "virtual_release",
        "hitline": 2,
        "execution": "r"
    },
    {
        "id": 85.5,
        "timestamp": 41.945,
        "hit_pos": -1,
        "hold_pos": 4,
        "note_width": [],
        "description": "",
        "command": "virtual_resume",
        "hitline": 1,
        "execution": "h"
    },
    {
        "id": 86,
        "timestamp": 42.381,
        "hit_pos": 2,
        "hold_pos": 0,
        "note_width": [
            0,
            1,
            2,
            3
        ],
        "description": "tap",
        "command": "tap",
        "hitline": 0,
        "execution": "t"
    },
    {
        "id": 87,
        "timestamp": 42.858000000000004,
        "hit_pos": 8,
        "hold_pos": 3,
        "note_width": [
            6,
            7,
            8,
            9
        ],
        "description": "tap",
        "command": "tap",
        "hitline": 0,
        "execution": "t"
    },
    {
        "id": 88,
        "timestamp": 43.334,
        "hit_pos": 4,
        "hold_pos": 1,
        "note_width": [
            2,
            3,
            4,
            5
        ],
        "description": "tap",
        "command": "tap",
        "hitline": 0,
        "execution": "t"
    },
    {
        "id": 89,
        "timestamp": 43.81,
        "hit_pos": 10,
        "hold_pos": 4,
        "note_width": [
            8,
            9,
            10,
            11
        ],
        "description": "tap",
        "command": "tap",
        "hitline": 0,
        "execution": "t"
    },
    {
        "id": 90,
        "timestamp": 44.286,
        "hit_pos": 2,
        "hold_pos": 0,
        "note_width": [
            0,
            1,
            2,
            3
        ],
        "description": "tap",
        "command": "tap",
        "hitline": 0,
        "execution": "t"
    },
    {
        "id": 91,
        "timestamp": 44.762,
        "hit_pos": 8,
        "hold_pos": 3,
        "note_width": [
            6,
            7,
            8,
            9
        ],
        "description": "c_tap",
        "command": "tap",
        "hitline": 0,
        "execution": "t"
    },
    {
        "id": 92,
        "timestamp": 45.0,
        "hit_pos": 4,
        "hold_pos": 1,
        "note_width": [
            2,
            3,
            4,
            5
        ],
        "description": "c_tap",
        "command": "tap",
        "hitline": 0,
        "execution": "t"
    },
    {
        "id": 93,
        "timestamp": 45.244,
        "hit_pos": 8,
        "hold_pos": 3,
        "note_width": [
            6,
            7,
            8,
            9
        ],
        "description": "c_c_tapfl_up",
        "command": "flick",
        "hitline": 0,
        "execution": "f"
    },
    {
        "id": 94,
        "timestamp": 45.715,
        "hit_pos": 2,
        "hold_pos": 0,
        "note_width": [
            0,
            1,
            2,
            3
        ],
        "description": "s_start",
        "command": "tap",
        "hitline": 0,
        "execution": "t"
    },
    {
        "id": 99,
        "timestamp": 49.524,
        "hit_pos": 2,
        "hold_pos": 0,
        "note_width": [
            0,
            1,
            2,
            3
        ],
        "description": "s_end",
        "command": "virtual_release",
        "hitline": 2,
        "execution": "r"
    },
    {
        "id": 99.5,
        "timestamp": 49.564,
        "hit_pos": -1,
        "hold_pos": 0,
        "note_width": [],
        "description": "",
        "command": "virtual_resume",
        "hitline": 1,
        "execution": "h"
    },
    {
        "id": 100,
        "timestamp": 50.0,
        "hit_pos": 10,
        "hold_pos": 4,
        "note_width": [
            8,
            9,
            10,
            11
        ],
        "description": "tap",
        "command": "tap",
        "hitline": 0,
        "execution": "t"
    },
    {
        "id": 101,
        "timestamp": 50.477000000000004,
        "hit_pos": 4,
        "hold_pos": 1,
        "note_width": [
            2,
            3,
            4,
            5
        ],
        "description": "tap",
        "command": "tap",
        "hitline": 0,
        "execution": "t"
    },
    {
        "id": 102,
        "timestamp": 50.953,
        "hit_pos": 8,
        "hold_pos": 3,
        "note_width": [
            6,
            7,
            8,
            9
        ],
        "description": "tap",
        "command": "tap",
        "hitline": 0,
        "execution": "t"
    },
    {
        "id": 103,
        "timestamp": 51.429,
        "hit_pos": 2,
        "hold_pos": 0,
        "note_width": [
            0,
            1,
            2,
            3
        ],
        "description": "tap",
        "command": "tap",
        "hitline": 0,
        "execution": "t"
    },
    {
        "id": 104,
        "timestamp": 51.905,
        "hit_pos": 10,
        "hold_pos": 4,
        "note_width": [
            8,
            9,
            10,
            11
        ],
        "description": "tap",
        "command": "tap",
        "hitline": 0,
        "execution": "t"
    },
    {
        "id": 105,
        "timestamp": 52.381,
        "hit_pos": 4,
        "hold_pos": 1,
        "note_width": [
            2,
            3,
            4,
            5
        ],
        "description": "c_tap",
        "command": "tap",
        "hitline": 0,
        "execution": "t"
    },
    {
        "id": 106,
        "timestamp": 52.619,
        "hit_pos": 8,
        "hold_pos": 3,
        "note_width": [
            6,
            7,
            8,
            9
        ],
        "description": "c_tap",
        "command": "tap",
        "hitline": 0,
        "execution": "t"
    },
    {
        "id": 107,
        "timestamp": 52.864000000000004,
        "hit_pos": 4,
        "hold_pos": 1,
        "note_width": [
            2,
            3,
            4,
            5
        ],
        "description": "c_c_tapfl_up",
        "command": "flick",
        "hitline": 0,
        "execution": "f"
    },
    {
        "id": 108,
        "timestamp": 55.238,
        "hit_pos": 10,
        "hold_pos": 4,
        "note_width": [
            8,
            9,
            10,
            11
        ],
        "description": "c_tap",
        "command": "tap",
        "hitline": 0,
        "execution": "t"
    },
    {
        "id": 109,
        "timestamp": 55.477000000000004,
        "hit_pos": 4,
        "hold_pos": 1,
        "note_width": [
            2,
            3,
            4,
            5
        ],
        "description": "tap",
        "command": "tap",
        "hitline": 0,
        "execution": "t"
    },
    {
        "id": 110,
        "timestamp": 55.715,
        "hit_pos": 9,
        "hold_pos": 4,
        "note_width": [
            7,
            8,
            9,
            10
        ],
        "description": "tap",
        "command": "tap",
        "hitline": 0,
        "execution": "t"
    },
    {
        "id": 111,
        "timestamp": 55.953,
        "hit_pos": 3,
        "hold_pos": 1,
        "note_width": [
            1,
            2,
            3,
            4
        ],
        "description": "tap",
        "command": "tap",
        "hitline": 0,
        "execution": "t"
    },
    {
        "id": 112,
        "timestamp": 56.191,
        "hit_pos": 8,
        "hold_pos": 3,
        "note_width": [
            6,
            7,
            8,
            9
        ],
        "description": "tap",
        "command": "tap",
        "hitline": 0,
        "execution": "t"
    },
    {
        "id": 113,
        "timestamp": 56.429,
        "hit_pos": 2,
        "hold_pos": 0,
        "note_width": [
            0,
            1,
            2,
            3
        ],
        "description": "tap",
        "command": "tap",
        "hitline": 0,
        "execution": "t"
    },
    {
        "id": 114,
        "timestamp": 56.905,
        "hit_pos": 8,
        "hold_pos": 3,
        "note_width": [
            6,
            7,
            8,
            9
        ],
        "description": "tap",
        "command": "tap",
        "hitline": 0,
        "execution": "t"
    },
    {
        "id": 115,
        "timestamp": 57.143,
        "hit_pos": 2,
        "hold_pos": 0,
        "note_width": [
            0,
            1,
            2,
            3
        ],
        "description": "tap",
        "command": "tap",
        "hitline": 0,
        "execution": "t"
    },
    {
        "id": 116,
        "timestamp": 57.381,
        "hit_pos": 9,
        "hold_pos": 4,
        "note_width": [
            7,
            8,
            9,
            10
        ],
        "description": "tap",
        "command": "tap",
        "hitline": 0,
        "execution": "t"
    },
    {
        "id": 117,
        "timestamp": 57.619,
        "hit_pos": 3,
        "hold_pos": 1,
        "note_width": [
            1,
            2,
            3,
            4
        ],
        "description": "tap",
        "command": "tap",
        "hitline": 0,
        "execution": "t"
    },
    {
        "id": 118,
        "timestamp": 57.858000000000004,
        "hit_pos": 10,
        "hold_pos": 4,
        "note_width": [
            8,
            9,
            10,
            11
        ],
        "description": "tap",
        "command": "tap",
        "hitline": 0,
        "execution": "t"
    },
    {
        "id": 119,
        "timestamp": 58.334,
        "hit_pos": 2,
        "hold_pos": 0,
        "note_width": [
            0,
            1,
            2,
            3
        ],
        "description": "tap",
        "command": "tap",
        "hitline": 0,
        "execution": "t"
    },
    {
        "id": 120,
        "timestamp": 58.572,
        "hit_pos": 8,
        "hold_pos": 3,
        "note_width": [
            6,
            7,
            8,
            9
        ],
        "description": "tap",
        "command": "tap",
        "hitline": 0,
        "execution": "t"
    },
    {
        "id": 121,
        "timestamp": 58.81,
        "hit_pos": 4,
        "hold_pos": 1,
        "note_width": [
            2,
            3,
            4,
            5
        ],
        "description": "tap",
        "command": "tap",
        "hitline": 0,
        "execution": "t"
    },
    {
        "id": 122,
        "timestamp": 59.048,
        "hit_pos": 10,
        "hold_pos": 4,
        "note_width": [
            8,
            9,
            10,
            11
        ],
        "description": "s_start",
        "command": "tap",
        "hitline": 0,
        "execution": "t"
    },
    {
        "id": 123,
        "timestamp": 60.477000000000004,
        "hit_pos": 10,
        "hold_pos": 4,
        "note_width": [
            8,
            9,
            10,
            11
        ],
        "description": "s_end",
        "command": "virtual_release",
        "hitline": 1,
        "execution": "r"
    },
    {
        "id": 123.5,
        "timestamp": 60.517,
        "hit_pos": -1,
        "hold_pos": 4,
        "note_width": [],
        "description": "",
        "command": "virtual_resume",
        "hitline": 2,
        "execution": "h"
    },
    {
        "id": 124,
        "timestamp": 60.953,
        "hit_pos": 2,
        "hold_pos": 0,
        "note_width": [
            0,
            1,
            2,
            3
        ],
        "description": "s_start",
        "command": "tap",
        "hitline": 0,
        "execution": "t"
    },
    {
        "id": 125,
        "timestamp": 62.381,
        "hit_pos": 2,
        "hold_pos": 0,
        "note_width": [
            0,
            1,
            2,
            3
        ],
        "description": "s_end",
        "command": "virtual_release",
        "hitline": 1,
        "execution": "r"
    },
    {
        "id": 125.5,
        "timestamp": 62.421,
        "hit_pos": -1,
        "hold_pos": 0,
        "note_width": [],
        "description": "",
        "command": "virtual_resume",
        "hitline": 2,
        "execution": "h"
    },
    {
        "id": 126,
        "timestamp": 62.858000000000004,
        "hit_pos": 10,
        "hold_pos": 4,
        "note_width": [
            8,
            9,
            10,
            11
        ],
        "description": "tap",
        "command": "tap",
        "hitline": 0,
        "execution": "t"
    },
    {
        "id": 127,
        "timestamp": 63.096000000000004,
        "hit_pos": 4,
        "hold_pos": 1,
        "note_width": [
            2,
            3,
            4,
            5
        ],
        "description": "tap",
        "command": "tap",
        "hitline": 0,
        "execution": "t"
    },
    {
        "id": 128,
        "timestamp": 63.334,
        "hit_pos": 9,
        "hold_pos": 4,
        "note_width": [
            7,
            8,
            9,
            10
        ],
        "description": "tap",
        "command": "tap",
        "hitline": 0,
        "execution": "t"
    },
    {
        "id": 129,
        "timestamp": 63.572,
        "hit_pos": 3,
        "hold_pos": 1,
        "note_width": [
            1,
            2,
            3,
            4
        ],
        "description": "tap",
        "command": "tap",
        "hitline": 0,
        "execution": "t"
    },
    {
        "id": 130,
        "timestamp": 63.81,
        "hit_pos": 8,
        "hold_pos": 3,
        "note_width": [
            6,
            7,
            8,
            9
        ],
        "description": "tap",
        "command": "tap",
        "hitline": 0,
        "execution": "t"
    },
    {
        "id": 131,
        "timestamp": 64.048,
        "hit_pos": 2,
        "hold_pos": 0,
        "note_width": [
            0,
            1,
            2,
            3
        ],
        "description": "tap",
        "command": "tap",
        "hitline": 0,
        "execution": "t"
    },
    {
        "id": 132,
        "timestamp": 64.524,
        "hit_pos": 8,
        "hold_pos": 3,
        "note_width": [
            6,
            7,
            8,
            9
        ],
        "description": "tap",
        "command": "tap",
        "hitline": 0,
        "execution": "t"
    },
    {
        "id": 133,
        "timestamp": 64.762,
        "hit_pos": 2,
        "hold_pos": 0,
        "note_width": [
            0,
            1,
            2,
            3
        ],
        "description": "tap",
        "command": "tap",
        "hitline": 0,
        "execution": "t"
    },
    {
        "id": 134,
        "timestamp": 65.0,
        "hit_pos": 9,
        "hold_pos": 4,
        "note_width": [
            7,
            8,
            9,
            10
        ],
        "description": "tap",
        "command": "tap",
        "hitline": 0,
        "execution": "t"
    },
    {
        "id": 135,
        "timestamp": 65.238,
        "hit_pos": 3,
        "hold_pos": 1,
        "note_width": [
            1,
            2,
            3,
            4
        ],
        "description": "tap",
        "command": "tap",
        "hitline": 0,
        "execution": "t"
    },
    {
        "id": 136,
        "timestamp": 65.477,
        "hit_pos": 10,
        "hold_pos": 4,
        "note_width": [
            8,
            9,
            10,
            11
        ],
        "description": "tap",
        "command": "tap",
        "hitline": 0,
        "execution": "t"
    },
    {
        "id": 137,
        "timestamp": 65.953,
        "hit_pos": 2,
        "hold_pos": 0,
        "note_width": [
            0,
            1,
            2,
            3
        ],
        "description": "tap",
        "command": "tap",
        "hitline": 0,
        "execution": "t"
    },
    {
        "id": 138,
        "timestamp": 66.191,
        "hit_pos": 8,
        "hold_pos": 3,
        "note_width": [
            6,
            7,
            8,
            9
        ],
        "description": "tap",
        "command": "tap",
        "hitline": 0,
        "execution": "t"
    },
    {
        "id": 139,
        "timestamp": 66.429,
        "hit_pos": 2,
        "hold_pos": 0,
        "note_width": [
            0,
            1,
            2,
            3
        ],
        "description": "tap",
        "command": "tap",
        "hitline": 0,
        "execution": "t"
    },
    {
        "id": 140,
        "timestamp": 66.667,
        "hit_pos": 10,
        "hold_pos": 4,
        "note_width": [
            8,
            9,
            10,
            11
        ],
        "description": "tap",
        "command": "tap",
        "hitline": 0,
        "execution": "t"
    },
    {
        "id": 141,
        "timestamp": 66.905,
        "hit_pos": 4,
        "hold_pos": 1,
        "note_width": [
            2,
            3,
            4,
            5
        ],
        "description": "tap",
        "command": "tap",
        "hitline": 0,
        "execution": "t"
    },
    {
        "id": 142,
        "timestamp": 67.143,
        "hit_pos": 10,
        "hold_pos": 4,
        "note_width": [
            8,
            9,
            10,
            11
        ],
        "description": "tap",
        "command": "tap",
        "hitline": 0,
        "execution": "t"
    },
    {
        "id": 143,
        "timestamp": 67.619,
        "hit_pos": 2,
        "hold_pos": 0,
        "note_width": [
            0,
            1,
            2,
            3
        ],
        "description": "tap",
        "command": "tap",
        "hitline": 0,
        "execution": "t"
    },
    {
        "id": 144,
        "timestamp": 67.858,
        "hit_pos": 8,
        "hold_pos": 3,
        "note_width": [
            6,
            7,
            8,
            9
        ],
        "description": "tap",
        "command": "tap",
        "hitline": 0,
        "execution": "t"
    },
    {
        "id": 145,
        "timestamp": 68.096,
        "hit_pos": 2,
        "hold_pos": 0,
        "note_width": [
            0,
            1,
            2,
            3
        ],
        "description": "tap",
        "command": "tap",
        "hitline": 0,
        "execution": "t"
    },
    {
        "id": 146,
        "timestamp": 68.572,
        "hit_pos": 10,
        "hold_pos": 4,
        "note_width": [
            8,
            9,
            10,
            11
        ],
        "description": "s_start",
        "command": "tap",
        "hitline": 0,
        "execution": "t"
    },
    {
        "id": 147,
        "timestamp": 70.0,
        "hit_pos": 8,
        "hold_pos": 3,
        "note_width": [
            6,
            7,
            8,
            9
        ],
        "description": "s_end",
        "command": "virtual_release",
        "hitline": 1,
        "execution": "r"
    },
    {
        "id": 147.5,
        "timestamp": 70.04,
        "hit_pos": -1,
        "hold_pos": 3,
        "note_width": [],
        "description": "",
        "command": "virtual_resume",
        "hitline": 2,
        "execution": "h"
    },
    {
        "id": 148,
        "timestamp": 70.477,
        "hit_pos": 2,
        "hold_pos": 0,
        "note_width": [
            0,
            1,
            2,
            3
        ],
        "description": "tap",
        "command": "tap",
        "hitline": 0,
        "execution": "t"
    },
    {
        "id": 149,
        "timestamp": 70.715,
        "hit_pos": 8,
        "hold_pos": 3,
        "note_width": [
            6,
            7,
            8,
            9
        ],
        "description": "tap",
        "command": "tap",
        "hitline": 0,
        "execution": "t"
    },
    {
        "id": 150,
        "timestamp": 70.953,
        "hit_pos": 2,
        "hold_pos": 0,
        "note_width": [
            0,
            1,
            2,
            3
        ],
        "description": "tap",
        "command": "tap",
        "hitline": 0,
        "execution": "t"
    },
    {
        "id": 151,
        "timestamp": 71.429,
        "hit_pos": 10,
        "hold_pos": 4,
        "note_width": [
            8,
            9,
            10,
            11
        ],
        "description": "tap",
        "command": "tap",
        "hitline": 0,
        "execution": "t"
    },
    {
        "id": 152,
        "timestamp": 71.667,
        "hit_pos": 4,
        "hold_pos": 1,
        "note_width": [
            2,
            3,
            4,
            5
        ],
        "description": "tap",
        "command": "tap",
        "hitline": 0,
        "execution": "t"
    },
    {
        "id": 153,
        "timestamp": 71.905,
        "hit_pos": 10,
        "hold_pos": 4,
        "note_width": [
            8,
            9,
            10,
            11
        ],
        "description": "tap",
        "command": "tap",
        "hitline": 0,
        "execution": "t"
    },
    {
        "id": 154,
        "timestamp": 72.381,
        "hit_pos": 2,
        "hold_pos": 0,
        "note_width": [
            0,
            1,
            2,
            3
        ],
        "description": "s_start",
        "command": "tap",
        "hitline": 0,
        "execution": "t"
    },
    {
        "id": 155,
        "timestamp": 73.81,
        "hit_pos": 4,
        "hold_pos": 1,
        "note_width": [
            2,
            3,
            4,
            5
        ],
        "description": "s_end",
        "command": "virtual_release",
        "hitline": 1,
        "execution": "r"
    },
    {
        "id": 155.5,
        "timestamp": 73.85000000000001,
        "hit_pos": -1,
        "hold_pos": 1,
        "note_width": [],
        "description": "",
        "command": "virtual_resume",
        "hitline": 2,
        "execution": "h"
    },
    {
        "id": 156,
        "timestamp": 74.286,
        "hit_pos": 8,
        "hold_pos": 3,
        "note_width": [
            6,
            7,
            8,
            9
        ],
        "description": "tap",
        "command": "tap",
        "hitline": 0,
        "execution": "t"
    },
    {
        "id": 157,
        "timestamp": 74.524,
        "hit_pos": 4,
        "hold_pos": 1,
        "note_width": [
            2,
            3,
            4,
            5
        ],
        "description": "tap",
        "command": "tap",
        "hitline": 0,
        "execution": "t"
    },
    {
        "id": 158,
        "timestamp": 74.762,
        "hit_pos": 8,
        "hold_pos": 3,
        "note_width": [
            6,
            7,
            8,
            9
        ],
        "description": "tap",
        "command": "tap",
        "hitline": 0,
        "execution": "t"
    },
    {
        "id": 159,
        "timestamp": 75.0,
        "hit_pos": 4,
        "hold_pos": 1,
        "note_width": [
            2,
            3,
            4,
            5
        ],
        "description": "tap",
        "command": "tap",
        "hitline": 0,
        "execution": "t"
    },
    {
        "id": 160,
        "timestamp": 75.244,
        "hit_pos": 8,
        "hold_pos": 3,
        "note_width": [
            6,
            7,
            8,
            9
        ],
        "description": "tapfl_up",
        "command": "flick",
        "hitline": 0,
        "execution": "f"
    },
    {
        "id": 161,
        "timestamp": 76.191,
        "hit_pos": 4,
        "hold_pos": 1,
        "note_width": [
            2,
            3,
            4,
            5
        ],
        "description": "tap",
        "command": "tap",
        "hitline": 0,
        "execution": "t"
    },
    {
        "id": 162,
        "timestamp": 76.429,
        "hit_pos": 8,
        "hold_pos": 3,
        "note_width": [
            6,
            7,
            8,
            9
        ],
        "description": "tap",
        "command": "tap",
        "hitline": 0,
        "execution": "t"
    },
    {
        "id": 163,
        "timestamp": 76.667,
        "hit_pos": 4,
        "hold_pos": 1,
        "note_width": [
            2,
            3,
            4,
            5
        ],
        "description": "tap",
        "command": "tap",
        "hitline": 0,
        "execution": "t"
    },
    {
        "id": 164,
        "timestamp": 76.905,
        "hit_pos": 8,
        "hold_pos": 3,
        "note_width": [
            6,
            7,
            8,
            9
        ],
        "description": "tap",
        "command": "tap",
        "hitline": 0,
        "execution": "t"
    },
    {
        "id": 165,
        "timestamp": 77.149,
        "hit_pos": 4,
        "hold_pos": 1,
        "note_width": [
            2,
            3,
            4,
            5
        ],
        "description": "tapfl_up",
        "command": "flick",
        "hitline": 0,
        "execution": "f"
    },
    {
        "id": 166,
        "timestamp": 78.096,
        "hit_pos": 10,
        "hold_pos": 4,
        "note_width": [
            8,
            9,
            10,
            11
        ],
        "description": "tap",
        "command": "tap",
        "hitline": 0,
        "execution": "t"
    },
    {
        "id": 167,
        "timestamp": 78.334,
        "hit_pos": 4,
        "hold_pos": 1,
        "note_width": [
            2,
            3,
            4,
            5
        ],
        "description": "tap",
        "command": "tap",
        "hitline": 0,
        "execution": "t"
    },
    {
        "id": 168,
        "timestamp": 78.572,
        "hit_pos": 10,
        "hold_pos": 4,
        "note_width": [
            8,
            9,
            10,
            11
        ],
        "description": "tap",
        "command": "tap",
        "hitline": 0,
        "execution": "t"
    },
    {
        "id": 169,
        "timestamp": 78.81,
        "hit_pos": 4,
        "hold_pos": 1,
        "note_width": [
            2,
            3,
            4,
            5
        ],
        "description": "tap",
        "command": "tap",
        "hitline": 0,
        "execution": "t"
    },
    {
        "id": 170,
        "timestamp": 79.054,
        "hit_pos": 10,
        "hold_pos": 4,
        "note_width": [
            8,
            9,
            10,
            11
        ],
        "description": "tapfl_up",
        "command": "flick",
        "hitline": 0,
        "execution": "f"
    },
    {
        "id": 171,
        "timestamp": 80.0,
        "hit_pos": 2,
        "hold_pos": 0,
        "note_width": [
            0,
            1,
            2,
            3
        ],
        "description": "tap",
        "command": "tap",
        "hitline": 0,
        "execution": "t"
    },
    {
        "id": 172,
        "timestamp": 80.238,
        "hit_pos": 8,
        "hold_pos": 3,
        "note_width": [
            6,
            7,
            8,
            9
        ],
        "description": "tap",
        "command": "tap",
        "hitline": 0,
        "execution": "t"
    },
    {
        "id": 173,
        "timestamp": 80.477,
        "hit_pos": 2,
        "hold_pos": 0,
        "note_width": [
            0,
            1,
            2,
            3
        ],
        "description": "tap",
        "command": "tap",
        "hitline": 0,
        "execution": "t"
    },
    {
        "id": 174,
        "timestamp": 80.715,
        "hit_pos": 8,
        "hold_pos": 3,
        "note_width": [
            6,
            7,
            8,
            9
        ],
        "description": "tap",
        "command": "tap",
        "hitline": 0,
        "execution": "t"
    },
    {
        "id": 175,
        "timestamp": 80.959,
        "hit_pos": 2,
        "hold_pos": 0,
        "note_width": [
            0,
            1,
            2,
            3
        ],
        "description": "tapfl_up",
        "command": "flick",
        "hitline": 0,
        "execution": "f"
    },
    {
        "id": 176,
        "timestamp": 81.905,
        "hit_pos": 9,
        "hold_pos": 3,
        "note_width": [
            6,
            7,
            8,
            9,
            10,
            11
        ],
        "description": "tap",
        "command": "tap",
        "hitline": 0,
        "execution": "t"
    },
    {
        "id": 177,
        "timestamp": 82.143,
        "hit_pos": 3,
        "hold_pos": 0,
        "note_width": [
            0,
            1,
            2,
            3,
            4,
            5
        ],
        "description": "tap",
        "command": "tap",
        "hitline": 0,
        "execution": "t"
    },
    {
        "id": 178,
        "timestamp": 82.381,
        "hit_pos": 9,
        "hold_pos": 3,
        "note_width": [
            6,
            7,
            8,
            9,
            10,
            11
        ],
        "description": "tap",
        "command": "tap",
        "hitline": 0,
        "execution": "t"
    },
    {
        "id": 179,
        "timestamp": 82.619,
        "hit_pos": 3,
        "hold_pos": 0,
        "note_width": [
            0,
            1,
            2,
            3,
            4,
            5
        ],
        "description": "tap",
        "command": "tap",
        "hitline": 0,
        "execution": "t"
    },
    {
        "id": 180,
        "timestamp": 82.864,
        "hit_pos": 9,
        "hold_pos": 3,
        "note_width": [
            6,
            7,
            8,
            9,
            10,
            11
        ],
        "description": "tapfl_up",
        "command": "flick",
        "hitline": 0,
        "execution": "f"
    },
    {
        "id": 181,
        "timestamp": 83.81,
        "hit_pos": 3,
        "hold_pos": 0,
        "note_width": [
            0,
            1,
            2,
            3,
            4,
            5
        ],
        "description": "tap",
        "command": "tap",
        "hitline": 0,
        "execution": "t"
    },
    {
        "id": 182,
        "timestamp": 84.048,
        "hit_pos": 9,
        "hold_pos": 3,
        "note_width": [
            6,
            7,
            8,
            9,
            10,
            11
        ],
        "description": "tap",
        "command": "tap",
        "hitline": 0,
        "execution": "t"
    },
    {
        "id": 183,
        "timestamp": 84.286,
        "hit_pos": 3,
        "hold_pos": 0,
        "note_width": [
            0,
            1,
            2,
            3,
            4,
            5
        ],
        "description": "tap",
        "command": "tap",
        "hitline": 0,
        "execution": "t"
    },
    {
        "id": 184,
        "timestamp": 84.524,
        "hit_pos": 9,
        "hold_pos": 3,
        "note_width": [
            6,
            7,
            8,
            9,
            10,
            11
        ],
        "description": "tap",
        "command": "tap",
        "hitline": 0,
        "execution": "t"
    },
    {
        "id": 185,
        "timestamp": 84.768,
        "hit_pos": 3,
        "hold_pos": 0,
        "note_width": [
            0,
            1,
            2,
            3,
            4,
            5
        ],
        "description": "tapfl_up",
        "command": "flick",
        "hitline": 0,
        "execution": "f"
    },
    {
        "id": 186,
        "timestamp": 85.715,
        "hit_pos": 9,
        "hold_pos": 3,
        "note_width": [
            6,
            7,
            8,
            9,
            10,
            11
        ],
        "description": "c_tap",
        "command": "tap",
        "hitline": 0,
        "execution": "t"
    },
    {
        "id": 187,
        "timestamp": 86.191,
        "hit_pos": 3,
        "hold_pos": 0,
        "note_width": [
            0,
            1,
            2,
            3,
            4,
            5
        ],
        "description": "c_tap",
        "command": "tap",
        "hitline": 0,
        "execution": "t"
    },
    {
        "id": 188,
        "timestamp": 86.667,
        "hit_pos": 9,
        "hold_pos": 3,
        "note_width": [
            6,
            7,
            8,
            9,
            10,
            11
        ],
        "description": "c_tap",
        "command": "tap",
        "hitline": 0,
        "execution": "t"
    },
    {
        "id": 189,
        "timestamp": 87.143,
        "hit_pos": 3,
        "hold_pos": 0,
        "note_width": [
            0,
            1,
            2,
            3,
            4,
            5
        ],
        "description": "c_tap",
        "command": "tap",
        "hitline": 0,
        "execution": "t"
    },
    {
        "id": 190,
        "timestamp": 87.619,
        "hit_pos": 9,
        "hold_pos": 3,
        "note_width": [
            6,
            7,
            8,
            9,
            10,
            11
        ],
        "description": "c_tap",
        "command": "tap",
        "hitline": 0,
        "execution": "t"
    },
    {
        "id": 191,
        "timestamp": 87.858,
        "hit_pos": 3,
        "hold_pos": 0,
        "note_width": [
            0,
            1,
            2,
            3,
            4,
            5
        ],
        "description": "c_tap",
        "command": "tap",
        "hitline": 0,
        "execution": "t"
    },
    {
        "id": 192,
        "timestamp": 88.096,
        "hit_pos": 9,
        "hold_pos": 3,
        "note_width": [
            6,
            7,
            8,
            9,
            10,
            11
        ],
        "description": "c_tap",
        "command": "tap",
        "hitline": 0,
        "execution": "t"
    },
    {
        "id": 193,
        "timestamp": 88.334,
        "hit_pos": 3,
        "hold_pos": 0,
        "note_width": [
            0,
            1,
            2,
            3,
            4,
            5
        ],
        "description": "c_tap",
        "command": "tap",
        "hitline": 0,
        "execution": "t"
    },
    {
        "id": 194,
        "timestamp": 88.572,
        "hit_pos": 9,
        "hold_pos": 3,
        "note_width": [
            6,
            7,
            8,
            9,
            10,
            11
        ],
        "description": "c_tap",
        "command": "tap",
        "hitline": 0,
        "execution": "t"
    },
    {
        "id": 195,
        "timestamp": 88.81,
        "hit_pos": 3,
        "hold_pos": 0,
        "note_width": [
            0,
            1,
            2,
            3,
            4,
            5
        ],
        "description": "c_tap",
        "command": "tap",
        "hitline": 0,
        "execution": "t"
    },
    {
        "id": 196,
        "timestamp": 89.048,
        "hit_pos": 9,
        "hold_pos": 3,
        "note_width": [
            6,
            7,
            8,
            9,
            10,
            11
        ],
        "description": "c_tap",
        "command": "tap",
        "hitline": 0,
        "execution": "t"
    },
    {
        "id": 197,
        "timestamp": 89.286,
        "hit_pos": 3,
        "hold_pos": 0,
        "note_width": [
            0,
            1,
            2,
            3,
            4,
            5
        ],
        "description": "c_tap",
        "command": "tap",
        "hitline": 0,
        "execution": "t"
    },
    {
        "id": 198,
        "timestamp": 91.429,
        "hit_pos": 10,
        "hold_pos": 4,
        "note_width": [
            8,
            9,
            10,
            11
        ],
        "description": "tap",
        "command": "tap",
        "hitline": 0,
        "execution": "t"
    },
    {
        "id": 199,
        "timestamp": 91.905,
        "hit_pos": 4,
        "hold_pos": 1,
        "note_width": [
            2,
            3,
            4,
            5
        ],
        "description": "tap",
        "command": "tap",
        "hitline": 0,
        "execution": "t"
    },
    {
        "id": 200,
        "timestamp": 92.381,
        "hit_pos": 10,
        "hold_pos": 4,
        "note_width": [
            8,
            9,
            10,
            11
        ],
        "description": "tap",
        "command": "tap",
        "hitline": 0,
        "execution": "t"
    },
    {
        "id": 201,
        "timestamp": 92.858,
        "hit_pos": 4,
        "hold_pos": 1,
        "note_width": [
            2,
            3,
            4,
            5
        ],
        "description": "tap",
        "command": "tap",
        "hitline": 0,
        "execution": "t"
    },
    {
        "id": 202,
        "timestamp": 93.334,
        "hit_pos": 8,
        "hold_pos": 3,
        "note_width": [
            6,
            7,
            8,
            9
        ],
        "description": "tap",
        "command": "tap",
        "hitline": 0,
        "execution": "t"
    },
    {
        "id": 203,
        "timestamp": 93.81,
        "hit_pos": 2,
        "hold_pos": 0,
        "note_width": [
            0,
            1,
            2,
            3
        ],
        "description": "tap",
        "command": "tap",
        "hitline": 0,
        "execution": "t"
    },
    {
        "id": 204,
        "timestamp": 94.286,
        "hit_pos": 8,
        "hold_pos": 3,
        "note_width": [
            6,
            7,
            8,
            9
        ],
        "description": "tap",
        "command": "tap",
        "hitline": 0,
        "execution": "t"
    },
    {
        "id": 205,
        "timestamp": 94.762,
        "hit_pos": 2,
        "hold_pos": 0,
        "note_width": [
            0,
            1,
            2,
            3
        ],
        "description": "tap",
        "command": "tap",
        "hitline": 0,
        "execution": "t"
    },
    {
        "id": 206,
        "timestamp": 95.238,
        "hit_pos": 10,
        "hold_pos": 4,
        "note_width": [
            8,
            9,
            10,
            11
        ],
        "description": "tap",
        "command": "tap",
        "hitline": 0,
        "execution": "t"
    },
    {
        "id": 207,
        "timestamp": 95.715,
        "hit_pos": 4,
        "hold_pos": 1,
        "note_width": [
            2,
            3,
            4,
            5
        ],
        "description": "tap",
        "command": "tap",
        "hitline": 0,
        "execution": "t"
    },
    {
        "id": 208,
        "timestamp": 96.191,
        "hit_pos": 8,
        "hold_pos": 3,
        "note_width": [
            6,
            7,
            8,
            9
        ],
        "description": "tap",
        "command": "tap",
        "hitline": 0,
        "execution": "t"
    },
    {
        "id": 209,
        "timestamp": 96.667,
        "hit_pos": 2,
        "hold_pos": 0,
        "note_width": [
            0,
            1,
            2,
            3
        ],
        "description": "tap",
        "command": "tap",
        "hitline": 0,
        "execution": "t"
    },
    {
        "id": 210,
        "timestamp": 97.143,
        "hit_pos": 8,
        "hold_pos": 3,
        "note_width": [
            6,
            7,
            8,
            9
        ],
        "description": "tap",
        "command": "tap",
        "hitline": 0,
        "execution": "t"
    },
    {
        "id": 211,
        "timestamp": 97.619,
        "hit_pos": 4,
        "hold_pos": 1,
        "note_width": [
            2,
            3,
            4,
            5
        ],
        "description": "tap",
        "command": "tap",
        "hitline": 0,
        "execution": "t"
    },
    {
        "id": 212,
        "timestamp": 98.096,
        "hit_pos": 10,
        "hold_pos": 4,
        "note_width": [
            8,
            9,
            10,
            11
        ],
        "description": "tap",
        "command": "tap",
        "hitline": 0,
        "execution": "t"
    },
    {
        "id": 213,
        "timestamp": 98.572,
        "hit_pos": 2,
        "hold_pos": 0,
        "note_width": [
            0,
            1,
            2,
            3
        ],
        "description": "tap",
        "command": "tap",
        "hitline": 0,
        "execution": "t"
    },
    {
        "id": 214,
        "timestamp": 99.048,
        "hit_pos": 8,
        "hold_pos": 3,
        "note_width": [
            6,
            7,
            8,
            9
        ],
        "description": "s_start",
        "command": "tap",
        "hitline": 0,
        "execution": "t"
    },
    {
        "id": 217,
        "timestamp": 100.477,
        "hit_pos": 10,
        "hold_pos": 4,
        "note_width": [
            8,
            9,
            10,
            11
        ],
        "description": "s_end",
        "command": "virtual_release",
        "hitline": 2,
        "execution": "r"
    },
    {
        "id": 217.5,
        "timestamp": 100.51700000000001,
        "hit_pos": -1,
        "hold_pos": 4,
        "note_width": [],
        "description": "",
        "command": "virtual_resume",
        "hitline": 1,
        "execution": "h"
    },
    {
        "id": 218,
        "timestamp": 100.953,
        "hit_pos": 4,
        "hold_pos": 1,
        "note_width": [
            2,
            3,
            4,
            5
        ],
        "description": "s_start",
        "command": "tap",
        "hitline": 0,
        "execution": "t"
    },
    {
        "id": 221,
        "timestamp": 102.381,
        "hit_pos": 2,
        "hold_pos": 0,
        "note_width": [
            0,
            1,
            2,
            3
        ],
        "description": "s_end",
        "command": "virtual_release",
        "hitline": 2,
        "execution": "r"
    },
    {
        "id": 221.5,
        "timestamp": 102.421,
        "hit_pos": -1,
        "hold_pos": 0,
        "note_width": [],
        "description": "",
        "command": "virtual_resume",
        "hitline": 1,
        "execution": "h"
    },
    {
        "id": 222,
        "timestamp": 102.858,
        "hit_pos": 10,
        "hold_pos": 4,
        "note_width": [
            8,
            9,
            10,
            11
        ],
        "description": "s_start",
        "command": "tap",
        "hitline": 0,
        "execution": "t"
    },
    {
        "id": 225,
        "timestamp": 104.286,
        "hit_pos": 8,
        "hold_pos": 3,
        "note_width": [
            6,
            7,
            8,
            9
        ],
        "description": "s_end",
        "command": "virtual_release",
        "hitline": 2,
        "execution": "r"
    },
    {
        "id": 225.5,
        "timestamp": 104.32600000000001,
        "hit_pos": -1,
        "hold_pos": 3,
        "note_width": [],
        "description": "",
        "command": "virtual_resume",
        "hitline": 1,
        "execution": "h"
    },
    {
        "id": 226,
        "timestamp": 104.762,
        "hit_pos": 2,
        "hold_pos": 0,
        "note_width": [
            0,
            1,
            2,
            3
        ],
        "description": "c_tap",
        "command": "tap",
        "hitline": 0,
        "execution": "t"
    },
    {
        "id": 227,
        "timestamp": 104.762,
        "hit_pos": 10,
        "hold_pos": 4,
        "note_width": [
            8,
            9,
            10,
            11
        ],
        "description": "c_tap",
        "command": "tap",
        "hitline": 0,
        "execution": "t"
    },
    {
        "id": 228,
        "timestamp": 106.191,
        "hit_pos": 2,
        "hold_pos": 0,
        "note_width": [
            0,
            1,
            2,
            3
        ],
        "description": "c_tap",
        "command": "tap",
        "hitline": 0,
        "execution": "t"
    },
    {
        "id": 229,
        "timestamp": 106.191,
        "hit_pos": 10,
        "hold_pos": 4,
        "note_width": [
            8,
            9,
            10,
            11
        ],
        "description": "c_tap",
        "command": "tap",
        "hitline": 0,
        "execution": "t"
    },
    {
        "id": 230,
        "timestamp": 106.667,
        "hit_pos": 2,
        "hold_pos": 0,
        "note_width": [
            0,
            1,
            2,
            3
        ],
        "description": "c_tap",
        "command": "tap",
        "hitline": 0,
        "execution": "t"
    },
    {
        "id": 231,
        "timestamp": 106.905,
        "hit_pos": 8,
        "hold_pos": 3,
        "note_width": [
            6,
            7,
            8,
            9
        ],
        "description": "tap",
        "command": "tap",
        "hitline": 0,
        "execution": "t"
    },
    {
        "id": 232,
        "timestamp": 107.143,
        "hit_pos": 3,
        "hold_pos": 1,
        "note_width": [
            1,
            2,
            3,
            4
        ],
        "description": "tap",
        "command": "tap",
        "hitline": 0,
        "execution": "t"
    },
    {
        "id": 233,
        "timestamp": 107.381,
        "hit_pos": 9,
        "hold_pos": 4,
        "note_width": [
            7,
            8,
            9,
            10
        ],
        "description": "tap",
        "command": "tap",
        "hitline": 0,
        "execution": "t"
    },
    {
        "id": 234,
        "timestamp": 107.619,
        "hit_pos": 4,
        "hold_pos": 1,
        "note_width": [
            2,
            3,
            4,
            5
        ],
        "description": "tap",
        "command": "tap",
        "hitline": 0,
        "execution": "t"
    },
    {
        "id": 235,
        "timestamp": 107.858,
        "hit_pos": 10,
        "hold_pos": 4,
        "note_width": [
            8,
            9,
            10,
            11
        ],
        "description": "tap",
        "command": "tap",
        "hitline": 0,
        "execution": "t"
    },
    {
        "id": 236,
        "timestamp": 108.334,
        "hit_pos": 4,
        "hold_pos": 1,
        "note_width": [
            2,
            3,
            4,
            5
        ],
        "description": "tap",
        "command": "tap",
        "hitline": 0,
        "execution": "t"
    },
    {
        "id": 237,
        "timestamp": 108.572,
        "hit_pos": 10,
        "hold_pos": 4,
        "note_width": [
            8,
            9,
            10,
            11
        ],
        "description": "tap",
        "command": "tap",
        "hitline": 0,
        "execution": "t"
    },
    {
        "id": 238,
        "timestamp": 108.81,
        "hit_pos": 3,
        "hold_pos": 1,
        "note_width": [
            1,
            2,
            3,
            4
        ],
        "description": "tap",
        "command": "tap",
        "hitline": 0,
        "execution": "t"
    },
    {
        "id": 239,
        "timestamp": 109.048,
        "hit_pos": 9,
        "hold_pos": 4,
        "note_width": [
            7,
            8,
            9,
            10
        ],
        "description": "tap",
        "command": "tap",
        "hitline": 0,
        "execution": "t"
    },
    {
        "id": 240,
        "timestamp": 109.286,
        "hit_pos": 2,
        "hold_pos": 0,
        "note_width": [
            0,
            1,
            2,
            3
        ],
        "description": "tap",
        "command": "tap",
        "hitline": 0,
        "execution": "t"
    },
    {
        "id": 241,
        "timestamp": 109.762,
        "hit_pos": 10,
        "hold_pos": 4,
        "note_width": [
            8,
            9,
            10,
            11
        ],
        "description": "tap",
        "command": "tap",
        "hitline": 0,
        "execution": "t"
    },
    {
        "id": 242,
        "timestamp": 110.0,
        "hit_pos": 4,
        "hold_pos": 1,
        "note_width": [
            2,
            3,
            4,
            5
        ],
        "description": "tap",
        "command": "tap",
        "hitline": 0,
        "execution": "t"
    },
    {
        "id": 243,
        "timestamp": 110.238,
        "hit_pos": 8,
        "hold_pos": 3,
        "note_width": [
            6,
            7,
            8,
            9
        ],
        "description": "tap",
        "command": "tap",
        "hitline": 0,
        "execution": "t"
    },
    {
        "id": 244,
        "timestamp": 110.477,
        "hit_pos": 2,
        "hold_pos": 0,
        "note_width": [
            0,
            1,
            2,
            3
        ],
        "description": "s_start",
        "command": "tap",
        "hitline": 0,
        "execution": "t"
    },
    {
        "id": 245,
        "timestamp": 111.905,
        "hit_pos": 2,
        "hold_pos": 0,
        "note_width": [
            0,
            1,
            2,
            3
        ],
        "description": "s_end",
        "command": "virtual_release",
        "hitline": 1,
        "execution": "r"
    },
    {
        "id": 245.5,
        "timestamp": 111.94500000000001,
        "hit_pos": -1,
        "hold_pos": 0,
        "note_width": [],
        "description": "",
        "command": "virtual_resume",
        "hitline": 2,
        "execution": "h"
    },
    {
        "id": 246,
        "timestamp": 112.381,
        "hit_pos": 10,
        "hold_pos": 4,
        "note_width": [
            8,
            9,
            10,
            11
        ],
        "description": "s_start",
        "command": "tap",
        "hitline": 0,
        "execution": "t"
    },
    {
        "id": 247,
        "timestamp": 113.81,
        "hit_pos": 10,
        "hold_pos": 4,
        "note_width": [
            8,
            9,
            10,
            11
        ],
        "description": "s_end",
        "command": "virtual_release",
        "hitline": 1,
        "execution": "r"
    },
    {
        "id": 247.5,
        "timestamp": 113.85000000000001,
        "hit_pos": -1,
        "hold_pos": 4,
        "note_width": [],
        "description": "",
        "command": "virtual_resume",
        "hitline": 2,
        "execution": "h"
    },
    {
        "id": 248,
        "timestamp": 114.286,
        "hit_pos": 2,
        "hold_pos": 0,
        "note_width": [
            0,
            1,
            2,
            3
        ],
        "description": "tap",
        "command": "tap",
        "hitline": 0,
        "execution": "t"
    },
    {
        "id": 249,
        "timestamp": 114.524,
        "hit_pos": 8,
        "hold_pos": 3,
        "note_width": [
            6,
            7,
            8,
            9
        ],
        "description": "tap",
        "command": "tap",
        "hitline": 0,
        "execution": "t"
    },
    {
        "id": 250,
        "timestamp": 114.762,
        "hit_pos": 3,
        "hold_pos": 1,
        "note_width": [
            1,
            2,
            3,
            4
        ],
        "description": "tap",
        "command": "tap",
        "hitline": 0,
        "execution": "t"
    },
    {
        "id": 251,
        "timestamp": 115.0,
        "hit_pos": 9,
        "hold_pos": 4,
        "note_width": [
            7,
            8,
            9,
            10
        ],
        "description": "tap",
        "command": "tap",
        "hitline": 0,
        "execution": "t"
    },
    {
        "id": 252,
        "timestamp": 115.238,
        "hit_pos": 4,
        "hold_pos": 1,
        "note_width": [
            2,
            3,
            4,
            5
        ],
        "description": "tap",
        "command": "tap",
        "hitline": 0,
        "execution": "t"
    },
    {
        "id": 253,
        "timestamp": 115.477,
        "hit_pos": 10,
        "hold_pos": 4,
        "note_width": [
            8,
            9,
            10,
            11
        ],
        "description": "tap",
        "command": "tap",
        "hitline": 0,
        "execution": "t"
    },
    {
        "id": 254,
        "timestamp": 115.953,
        "hit_pos": 4,
        "hold_pos": 1,
        "note_width": [
            2,
            3,
            4,
            5
        ],
        "description": "tap",
        "command": "tap",
        "hitline": 0,
        "execution": "t"
    },
    {
        "id": 255,
        "timestamp": 116.191,
        "hit_pos": 10,
        "hold_pos": 4,
        "note_width": [
            8,
            9,
            10,
            11
        ],
        "description": "s_start",
        "command": "tap",
        "hitline": 0,
        "execution": "t"
    },
    {
        "id": 258,
        "timestamp": 117.619,
        "hit_pos": 8,
        "hold_pos": 3,
        "note_width": [
            6,
            7,
            8,
            9
        ],
        "description": "s_end",
        "command": "virtual_release",
        "hitline": 1,
        "execution": "r"
    },
    {
        "id": 258.5,
        "timestamp": 117.659,
        "hit_pos": -1,
        "hold_pos": 3,
        "note_width": [],
        "description": "",
        "command": "virtual_resume",
        "hitline": 2,
        "execution": "h"
    },
    {
        "id": 259,
        "timestamp": 118.096,
        "hit_pos": 2,
        "hold_pos": 0,
        "note_width": [
            0,
            1,
            2,
            3
        ],
        "description": "tap",
        "command": "tap",
        "hitline": 0,
        "execution": "t"
    },
    {
        "id": 260,
        "timestamp": 118.572,
        "hit_pos": 8,
        "hold_pos": 3,
        "note_width": [
            6,
            7,
            8,
            9
        ],
        "description": "tap",
        "command": "tap",
        "hitline": 0,
        "execution": "t"
    },
    {
        "id": 261,
        "timestamp": 119.048,
        "hit_pos": 4,
        "hold_pos": 1,
        "note_width": [
            2,
            3,
            4,
            5
        ],
        "description": "tap",
        "command": "tap",
        "hitline": 0,
        "execution": "t"
    },
    {
        "id": 262,
        "timestamp": 119.524,
        "hit_pos": 10,
        "hold_pos": 4,
        "note_width": [
            8,
            9,
            10,
            11
        ],
        "description": "tap",
        "command": "tap",
        "hitline": 0,
        "execution": "t"
    },
    {
        "id": 263,
        "timestamp": 120.0,
        "hit_pos": 2,
        "hold_pos": 0,
        "note_width": [
            0,
            1,
            2,
            3
        ],
        "description": "tap",
        "command": "tap",
        "hitline": 0,
        "execution": "t"
    },
    {
        "id": 264,
        "timestamp": 120.477,
        "hit_pos": 8,
        "hold_pos": 3,
        "note_width": [
            6,
            7,
            8,
            9
        ],
        "description": "tap",
        "command": "tap",
        "hitline": 0,
        "execution": "t"
    },
    {
        "id": 265,
        "timestamp": 120.953,
        "hit_pos": 4,
        "hold_pos": 1,
        "note_width": [
            2,
            3,
            4,
            5
        ],
        "description": "tap",
        "command": "tap",
        "hitline": 0,
        "execution": "t"
    },
    {
        "id": 266,
        "timestamp": 121.429,
        "hit_pos": 10,
        "hold_pos": 4,
        "note_width": [
            8,
            9,
            10,
            11
        ],
        "description": "tap",
        "command": "tap",
        "hitline": 0,
        "execution": "t"
    },
    {
        "id": 267,
        "timestamp": 121.905,
        "hit_pos": 2,
        "hold_pos": 0,
        "note_width": [
            0,
            1,
            2,
            3
        ],
        "description": "tap",
        "command": "tap",
        "hitline": 0,
        "execution": "t"
    },
    {
        "id": 268,
        "timestamp": 122.143,
        "hit_pos": 8,
        "hold_pos": 3,
        "note_width": [
            6,
            7,
            8,
            9
        ],
        "description": "tap",
        "command": "tap",
        "hitline": 0,
        "execution": "t"
    },
    {
        "id": 269,
        "timestamp": 122.381,
        "hit_pos": 2,
        "hold_pos": 0,
        "note_width": [
            0,
            1,
            2,
            3
        ],
        "description": "tap",
        "command": "tap",
        "hitline": 0,
        "execution": "t"
    },
    {
        "id": 270,
        "timestamp": 122.858,
        "hit_pos": 10,
        "hold_pos": 4,
        "note_width": [
            8,
            9,
            10,
            11
        ],
        "description": "tap",
        "command": "tap",
        "hitline": 0,
        "execution": "t"
    },
    {
        "id": 271,
        "timestamp": 123.096,
        "hit_pos": 4,
        "hold_pos": 1,
        "note_width": [
            2,
            3,
            4,
            5
        ],
        "description": "tap",
        "command": "tap",
        "hitline": 0,
        "execution": "t"
    },
    {
        "id": 272,
        "timestamp": 123.334,
        "hit_pos": 10,
        "hold_pos": 4,
        "note_width": [
            8,
            9,
            10,
            11
        ],
        "description": "tap",
        "command": "tap",
        "hitline": 0,
        "execution": "t"
    },
    {
        "id": 273,
        "timestamp": 123.81,
        "hit_pos": 2,
        "hold_pos": 0,
        "note_width": [
            0,
            1,
            2,
            3
        ],
        "description": "s_start",
        "command": "tap",
        "hitline": 0,
        "execution": "t"
    },
    {
        "id": 274,
        "timestamp": 125.238,
        "hit_pos": 4,
        "hold_pos": 1,
        "note_width": [
            2,
            3,
            4,
            5
        ],
        "description": "s_end",
        "command": "virtual_release",
        "hitline": 2,
        "execution": "r"
    },
    {
        "id": 274.5,
        "timestamp": 125.278,
        "hit_pos": -1,
        "hold_pos": 1,
        "note_width": [],
        "description": "",
        "command": "virtual_resume",
        "hitline": 1,
        "execution": "h"
    },
    {
        "id": 275,
        "timestamp": 125.715,
        "hit_pos": 10,
        "hold_pos": 4,
        "note_width": [
            8,
            9,
            10,
            11
        ],
        "description": "tap",
        "command": "tap",
        "hitline": 0,
        "execution": "t"
    },
    {
        "id": 276,
        "timestamp": 125.953,
        "hit_pos": 4,
        "hold_pos": 1,
        "note_width": [
            2,
            3,
            4,
            5
        ],
        "description": "tap",
        "command": "tap",
        "hitline": 0,
        "execution": "t"
    },
    {
        "id": 277,
        "timestamp": 126.191,
        "hit_pos": 10,
        "hold_pos": 4,
        "note_width": [
            8,
            9,
            10,
            11
        ],
        "description": "tap",
        "command": "tap",
        "hitline": 0,
        "execution": "t"
    },
    {
        "id": 278,
        "timestamp": 126.667,
        "hit_pos": 2,
        "hold_pos": 0,
        "note_width": [
            0,
            1,
            2,
            3
        ],
        "description": "tap",
        "command": "tap",
        "hitline": 0,
        "execution": "t"
    },
    {
        "id": 279,
        "timestamp": 126.905,
        "hit_pos": 8,
        "hold_pos": 3,
        "note_width": [
            6,
            7,
            8,
            9
        ],
        "description": "tap",
        "command": "tap",
        "hitline": 0,
        "execution": "t"
    },
    {
        "id": 280,
        "timestamp": 127.143,
        "hit_pos": 2,
        "hold_pos": 0,
        "note_width": [
            0,
            1,
            2,
            3
        ],
        "description": "tap",
        "command": "tap",
        "hitline": 0,
        "execution": "t"
    },
    {
        "id": 281,
        "timestamp": 127.619,
        "hit_pos": 10,
        "hold_pos": 4,
        "note_width": [
            8,
            9,
            10,
            11
        ],
        "description": "s_start",
        "command": "tap",
        "hitline": 0,
        "execution": "t"
    },
    {
        "id": 282,
        "timestamp": 129.048,
        "hit_pos": 8,
        "hold_pos": 3,
        "note_width": [
            6,
            7,
            8,
            9
        ],
        "description": "s_end",
        "command": "virtual_release",
        "hitline": 2,
        "execution": "r"
    },
    {
        "id": 282.5,
        "timestamp": 129.088,
        "hit_pos": -1,
        "hold_pos": 3,
        "note_width": [],
        "description": "",
        "command": "virtual_resume",
        "hitline": 1,
        "execution": "h"
    },
    {
        "id": 283,
        "timestamp": 129.524,
        "hit_pos": 2,
        "hold_pos": 0,
        "note_width": [
            0,
            1,
            2,
            3
        ],
        "description": "c_tap",
        "command": "tap",
        "hitline": 0,
        "execution": "t"
    },
    {
        "id": 284,
        "timestamp": 129.524,
        "hit_pos": 10,
        "hold_pos": 4,
        "note_width": [
            8,
            9,
            10,
            11
        ],
        "description": "c_tap",
        "command": "tap",
        "hitline": 0,
        "execution": "t"
    },
    {
        "id": 285,
        "timestamp": 130.0,
        "hit_pos": 8,
        "hold_pos": 3,
        "note_width": [
            6,
            7,
            8,
            9
        ],
        "description": "tap",
        "command": "tap",
        "hitline": 0,
        "execution": "t"
    },
    {
        "id": 286,
        "timestamp": 130.477,
        "hit_pos": 4,
        "hold_pos": 1,
        "note_width": [
            2,
            3,
            4,
            5
        ],
        "description": "tap",
        "command": "tap",
        "hitline": 0,
        "execution": "t"
    },
    {
        "id": 287,
        "timestamp": 130.953,
        "hit_pos": 8,
        "hold_pos": 3,
        "note_width": [
            6,
            7,
            8,
            9
        ],
        "description": "tap",
        "command": "tap",
        "hitline": 0,
        "execution": "t"
    },
    {
        "id": 288,
        "timestamp": 131.429,
        "hit_pos": 2,
        "hold_pos": 0,
        "note_width": [
            0,
            1,
            2,
            3
        ],
        "description": "c_tap",
        "command": "tap",
        "hitline": 0,
        "execution": "t"
    },
    {
        "id": 289,
        "timestamp": 131.429,
        "hit_pos": 10,
        "hold_pos": 4,
        "note_width": [
            8,
            9,
            10,
            11
        ],
        "description": "c_tap",
        "command": "tap",
        "hitline": 0,
        "execution": "t"
    },
    {
        "id": 290,
        "timestamp": 131.905,
        "hit_pos": 4,
        "hold_pos": 1,
        "note_width": [
            2,
            3,
            4,
            5
        ],
        "description": "tap",
        "command": "tap",
        "hitline": 0,
        "execution": "t"
    },
    {
        "id": 291,
        "timestamp": 132.381,
        "hit_pos": 8,
        "hold_pos": 3,
        "note_width": [
            6,
            7,
            8,
            9
        ],
        "description": "tap",
        "command": "tap",
        "hitline": 0,
        "execution": "t"
    },
    {
        "id": 292,
        "timestamp": 132.858,
        "hit_pos": 4,
        "hold_pos": 1,
        "note_width": [
            2,
            3,
            4,
            5
        ],
        "description": "tap",
        "command": "tap",
        "hitline": 0,
        "execution": "t"
    },
    {
        "id": 293,
        "timestamp": 133.334,
        "hit_pos": 2,
        "hold_pos": 0,
        "note_width": [
            0,
            1,
            2,
            3
        ],
        "description": "s_start",
        "command": "tap",
        "hitline": 0,
        "execution": "t"
    },
    {
        "id": 294,
        "timestamp": 133.334,
        "hit_pos": 10,
        "hold_pos": 4,
        "note_width": [
            8,
            9,
            10,
            11
        ],
        "description": "s_start",
        "command": "tap",
        "hitline": 0,
        "execution": "t"
    },
    {
        "id": 295,
        "timestamp": 134.286,
        "hit_pos": 2,
        "hold_pos": 0,
        "note_width": [
            0,
            1,
            2,
            3
        ],
        "description": "s_end",
        "command": "virtual_release",
        "hitline": 2,
        "execution": "r"
    },
    {
        "id": 296,
        "timestamp": 134.286,
        "hit_pos": 10,
        "hold_pos": 4,
        "note_width": [
            8,
            9,
            10,
            11
        ],
        "description": "s_end",
        "command": "virtual_release",
        "hitline": 2,
        "execution": "r"
    },
    {
        "id": 295.5,
        "timestamp": 134.326,
        "hit_pos": -1,
        "hold_pos": 0,
        "note_width": [],
        "description": "",
        "command": "virtual_resume",
        "hitline": 1,
        "execution": "h"
    },
    {
        "id": 296.5,
        "timestamp": 134.326,
        "hit_pos": -1,
        "hold_pos": 4,
        "note_width": [],
        "description": "",
        "command": "virtual_resume",
        "hitline": 1,
        "execution": "h"
    },
    {
        "id": 297,
        "timestamp": 134.762,
        "hit_pos": 8,
        "hold_pos": 3,
        "note_width": [
            6,
            7,
            8,
            9
        ],
        "description": "tap",
        "command": "tap",
        "hitline": 0,
        "execution": "t"
    },
    {
        "id": 298,
        "timestamp": 134.881,
        "hit_pos": 4,
        "hold_pos": 1,
        "note_width": [
            2,
            3,
            4,
            5
        ],
        "description": "tap",
        "command": "tap",
        "hitline": 0,
        "execution": "t"
    }
]